title,year,stage,sections,topic_tags,language,source_url,source_domain,license,attribution_text,expected_format,intended_path,checksum_sha256,filesize_bytes,retrieved_at,verification_notes
CONTINUATION_LOG,,CBSE_VI-XII,diksha_platform,"general_awareness,history,geography,polity,economy,science",Unknown,https://diksha.gov.in/,diksha.gov.in,CC BY 4.0,"DIKSHA Platform Team, NCERT, Ministry of Education, Government of India",Markdown,diksha-ga/CONTINUATION_LOG.md,950271c1e7e8ad9bf1feeef722b6da5b91b9724a24ddd9e0400fb9d6aec5d7f7,2104,2025-10-31T03:11:17.540865,Official DIKSHA platform content
DIKSHA_GA_FINAL_REPORT,,CBSE_VI-XII,diksha_platform,"general_awareness,history,geography,polity,economy,science",Unknown,https://diksha.gov.in/,diksha.gov.in,CC BY 4.0,"DIKSHA Platform Team, NCERT, Ministry of Education, Government of India",Markdown,diksha-ga/DIKSHA_GA_FINAL_REPORT.md,9cedf8de0d1e178c17ad01f697991ff8d85f07470df215a3f995406f30cc9e60,9653,2025-10-31T03:11:17.541571,Official DIKSHA platform content
DIKSHA_PROJECT_SUMMARY,,CBSE_VI-XII,diksha_platform,"general_awareness,history,geography,polity,economy,science",Unknown,https://diksha.gov.in/,diksha.gov.in,CC BY 4.0,"DIKSHA Platform Team, NCERT, Ministry of Education, Government of India",Markdown,diksha-ga/DIKSHA_PROJECT_SUMMARY.md,aa8ef76e6195bcfe88671d8341b5a6389f50cf281f0deda9c33d53d32760141a,37064,2025-10-31T03:11:17.542065,Official DIKSHA platform content
FINAL_COMPLETION_REPORT,,CBSE_VI-XII,diksha_platform,"general_awareness,history,geography,polity,economy,science",Unknown,https://diksha.gov.in/,diksha.gov.in,CC BY 4.0,"DIKSHA Platform Team, NCERT, Ministry of Education, Government of India",Markdown,diksha-ga/FINAL_COMPLETION_REPORT.md,67cda495f62bb580a38fdab04266e194fd8bf1f7957d81bf3ead5674f53af768,16215,2025-10-31T03:11:17.542545,Official DIKSHA platform content
PROJECT_COMPLETION_FINAL,,CBSE_VI-XII,diksha_platform,"general_awareness,history,geography,polity,economy,science",Unknown,https://diksha.gov.in/,diksha.gov.in,CC BY 4.0,"DIKSHA Platform Team, NCERT, Ministry of Education, Government of India",Markdown,diksha-ga/PROJECT_COMPLETION_FINAL.md,049492a84a4f364899ef39544590f01eae60ae1a7f5d16166c288baad2678761,13963,2025-10-31T03:11:17.543091,Official DIKSHA platform content
ncert-class10-economics,,CBSE_VI-XII,diksha_platform,"general_awareness,history,geography,polity,economy,science",Unknown,https://diksha.gov.in/,diksha.gov.in,CC BY 4.0,"DIKSHA Platform Team, NCERT, Ministry of Education, Government of India",PDF,diksha-ga/economy/ncert-class10-economics.pdf,53e2e77892d3a298d2d5e13d04a6fc963e2b84e9f5a2e015ba7782af7623d38d,1957206,2025-10-31T03:11:17.553127,Official DIKSHA platform content
ncert-class11-indian-economic-development,,CBSE_VI-XII,diksha_platform,"general_awareness,history,geography,polity,economy,science",Unknown,https://diksha.gov.in/,diksha.gov.in,CC BY 4.0,"DIKSHA Platform Team, NCERT, Ministry of Education, Government of India",PDF,diksha-ga/economy/ncert-class11-indian-economic-development.pdf,f615fc004737b146bfa0f64bdfef54314da99584f992767cfe0cf221a2ac4f16,3984283,2025-10-31T03:11:17.559269,Official DIKSHA platform content
ncert-class12-macroeconomics,,CBSE_VI-XII,diksha_platform,"general_awareness,history,geography,polity,economy,science",Unknown,https://diksha.gov.in/,diksha.gov.in,CC BY 4.0,"DIKSHA Platform Team, NCERT, Ministry of Education, Government of India",PDF,diksha-ga/economy/ncert-class12-macroeconomics.pdf,32612bade421f92a90e71d4231a4ed21d9a1ed80a3096b5179960e73dcf1fa9c,2808759,2025-10-31T03:11:17.563995,Official DIKSHA platform content
ncert-class12-microeconomics,,CBSE_VI-XII,diksha_platform,"general_awareness,history,geography,polity,economy,science",Unknown,https://diksha.gov.in/,diksha.gov.in,CC BY 4.0,"DIKSHA Platform Team, NCERT, Ministry of Education, Government of India",PDF,diksha-ga/economy/ncert-class12-microeconomics.pdf,53e31ea2ba547db8194d9f8fa7ea019070e7bf6a130b892a3ec6a43b693a0e56,2491609,2025-10-31T03:11:17.567471,Official DIKSHA platform content
ncert-class9-economics-complete,,CBSE_VI-XII,diksha_platform,"general_awareness,history,geography,polity,economy,science",Unknown,https://diksha.gov.in/,diksha.gov.in,CC BY 4.0,"DIKSHA Platform Team, NCERT, Ministry of Education, Government of India",PDF,diksha-ga/economy/ncert-class9-economics-complete.pdf,ef670d19d6d04ad6a48bf9f5067ae754b4473d508c3b9a52ede62c66041f7e13,5008673,2025-10-31T03:11:17.573774,Official DIKSHA platform content
ncert-class9-economics,,CBSE_VI-XII,diksha_platform,"general_awareness,history,geography,polity,economy,science",Unknown,https://diksha.gov.in/,diksha.gov.in,CC BY 4.0,"DIKSHA Platform Team, NCERT, Ministry of Education, Government of India",PDF,diksha-ga/economy/ncert-class9-economics.pdf,ef670d19d6d04ad6a48bf9f5067ae754b4473d508c3b9a52ede62c66041f7e13,5008673,2025-10-31T03:11:17.580254,Official DIKSHA platform content
diksha_content_inventory,,CBSE_VI-XII,diksha_platform,"general_awareness,history,geography,polity,economy,science",Unknown,https://diksha.gov.in/,diksha.gov.in,CC BY 4.0,"DIKSHA Platform Team, NCERT, Ministry of Education, Government of India",JSON,diksha-ga/metadata/diksha_content_inventory.json,a2ab350ddf93a620546f42e9b642e32116c4ea852e6aa88499c802c0c0f36601,6185,2025-10-31T03:11:17.591668,Official DIKSHA platform content
final_comprehensive_inventory,,CBSE_VI-XII,diksha_platform,"general_awareness,history,geography,polity,economy,science",Unknown,https://diksha.gov.in/,diksha.gov.in,CC BY 4.0,"DIKSHA Platform Team, NCERT, Ministry of Education, Government of India",JSON,diksha-ga/metadata/final_comprehensive_inventory.json,89187ef06d24cae9235c115fbef0d23f685224af3d47a4f7210615b1a4eb6bb3,15789,2025-10-31T03:11:17.593399,Official DIKSHA platform content
ncert-class11-biology-hindi,,CBSE_VI-XII,diksha_platform,"general_awareness,history,geography,polity,economy,science",Unknown,https://diksha.gov.in/,diksha.gov.in,CC BY 4.0,"DIKSHA Platform Team, NCERT, Ministry of Education, Government of India",Archive,diksha-ga/science-technology/ncert-class11-biology-hindi.zip,3e149f9932335f3e845c68a19523bb43f2be1d8518f49957999bebef8b6f70fb,557056,2025-10-31T03:11:17.598544,Official DIKSHA platform content
ncert-class11-chemistry-part1-hindi,,CBSE_VI-XII,diksha_platform,"general_awareness,history,geography,polity,economy,science",Unknown,https://diksha.gov.in/,diksha.gov.in,CC BY 4.0,"DIKSHA Platform Team, NCERT, Ministry of Education, Government of India",Archive,diksha-ga/science-technology/ncert-class11-chemistry-part1-hindi.zip,8ee177084dc0fcaa80c10b7ef77ee462e4d8dfb7627986101dd45d68d0ab4d95,294912,2025-10-31T03:11:17.601452,Official DIKSHA platform content
ncert-class11-physics-part1-english,,CBSE_VI-XII,diksha_platform,"general_awareness,history,geography,polity,economy,science",Unknown,https://diksha.gov.in/,diksha.gov.in,CC BY 4.0,"DIKSHA Platform Team, NCERT, Ministry of Education, Government of India",Archive,diksha-ga/science-technology/ncert-class11-physics-part1-english.zip,29de044786c035814f89ca937f1881c1875a989898cb94bc1a7ac98280176c12,131072,2025-10-31T03:11:17.602930,Official DIKSHA platform content
ncert-class11-physics-part2-hindi,,CBSE_VI-XII,diksha_platform,"general_awareness,history,geography,polity,economy,science",Unknown,https://diksha.gov.in/,diksha.gov.in,CC BY 4.0,"DIKSHA Platform Team, NCERT, Ministry of Education, Government of India",Archive,diksha-ga/science-technology/ncert-class11-physics-part2-hindi.zip,adce568dba4ec960aa6463517e2248f6d1aafa83a0a0b1eb0416b5354def5bba,114688,2025-10-31T03:11:17.604849,Official DIKSHA platform content
ncert-class9-science-complete,,CBSE_VI-XII,diksha_platform,"general_awareness,history,geography,polity,economy,science",Unknown,https://diksha.gov.in/,diksha.gov.in,CC BY 4.0,"DIKSHA Platform Team, NCERT, Ministry of Education, Government of India",PDF,diksha-ga/science-technology/ncert-class9-science-complete.pdf,1c2aa70e7ea7a4e9d037b2f28c51ea6221ddd44acfc86173bed918c94375fd56,30822578,2025-10-31T03:11:17.636953,Official DIKSHA platform content
ncert-class9-science,,CBSE_VI-XII,diksha_platform,"general_awareness,history,geography,polity,economy,science",Unknown,https://diksha.gov.in/,diksha.gov.in,CC BY 4.0,"DIKSHA Platform Team, NCERT, Ministry of Education, Government of India",PDF,diksha-ga/science-technology/ncert-class9-science.pdf,1c2aa70e7ea7a4e9d037b2f28c51ea6221ddd44acfc86173bed918c94375fd56,30822578,2025-10-31T03:11:17.685063,Official DIKSHA platform content
National_International_Current_Affairs_2025,2025,CBSE_VI-XII,diksha_platform,"general_awareness,history,geography,polity,economy,science",Unknown,https://diksha.gov.in/,diksha.gov.in,CC BY 4.0,"DIKSHA Platform Team, NCERT, Ministry of Education, Government of India",PDF,diksha-ga/current-affairs/national/National_International_Current_Affairs_2025.pdf,7b75626c75a14afad6728d8ae36b7daa9d537ea5182dbd0ba6b05d2209535769,374990,2025-10-31T03:11:17.691587,Official DIKSHA platform content
National_Sports_Awards_2025,2025,CBSE_VI-XII,diksha_platform,"general_awareness,history,geography,polity,economy,science",Unknown,https://diksha.gov.in/,diksha.gov.in,CC BY 4.0,"DIKSHA Platform Team, NCERT, Ministry of Education, Government of India",PDF,diksha-ga/current-affairs/sports/National_Sports_Awards_2025.pdf,cfb00d3364823e3a9c67338aff456872dfaf827a0e75f38dfe46f979576eae07,50437,2025-10-31T03:11:17.723994,Official DIKSHA platform content
ncert-class10-geography,,CBSE_VI-XII,diksha_platform,"general_awareness,history,geography,polity,economy,science",Unknown,https://diksha.gov.in/,diksha.gov.in,CC BY 4.0,"DIKSHA Platform Team, NCERT, Ministry of Education, Government of India",PDF,diksha-ga/geography/indian/ncert-class10-geography.pdf,89720667e5ec5b1f83a7606c33e1f82d34d1b465855b5e5baf6defab60a48c36,8476189,2025-10-31T03:11:17.735551,Official DIKSHA platform content
ncert-class11-india-physical-environment,,CBSE_VI-XII,diksha_platform,"general_awareness,history,geography,polity,economy,science",Unknown,https://diksha.gov.in/,diksha.gov.in,CC BY 4.0,"DIKSHA Platform Team, NCERT, Ministry of Education, Government of India",PDF,diksha-ga/geography/indian/ncert-class11-india-physical-environment.pdf,533fa32423008b93a0afd10981fdd4e3ce5c53d5921cc85ec6414ae3092af033,5656418,2025-10-31T03:11:17.741929,Official DIKSHA platform content
ncert-class12-india-people-economy,,CBSE_VI-XII,diksha_platform,"general_awareness,history,geography,polity,economy,science",Unknown,https://diksha.gov.in/,diksha.gov.in,CC BY 4.0,"DIKSHA Platform Team, NCERT, Ministry of Education, Government of India",PDF,diksha-ga/geography/indian/ncert-class12-india-people-economy.pdf,bcb9af29cafdb439b40f50e4a3421dffece254281e0730edbc52a2e7238e6879,4535849,2025-10-31T03:11:17.747314,Official DIKSHA platform content
ncert-class9-geography-1,,CBSE_VI-XII,diksha_platform,"general_awareness,history,geography,polity,economy,science",Unknown,https://diksha.gov.in/,diksha.gov.in,CC BY 4.0,"DIKSHA Platform Team, NCERT, Ministry of Education, Government of India",PDF,diksha-ga/geography/indian/ncert-class9-geography-1.pdf,2f41368571262ae61ea53ae00454ec1251eb0cabb3febeb061e9f9b1aa4ae2b5,5059481,2025-10-31T03:11:17.753290,Official DIKSHA platform content
ncert-class11-geography-practical,,CBSE_VI-XII,diksha_platform,"general_awareness,history,geography,polity,economy,science",Unknown,https://diksha.gov.in/,diksha.gov.in,CC BY 4.0,"DIKSHA Platform Team, NCERT, Ministry of Education, Government of India",PDF,diksha-ga/geography/physical/ncert-class11-geography-practical.pdf,dcc47c7c55afc9416d8c675c4e2978546317e9a7689fed5897057620452cdc2c,8818297,2025-10-31T03:11:17.762945,Official DIKSHA platform content
ncert-class11-physical-geography,,CBSE_VI-XII,diksha_platform,"general_awareness,history,geography,polity,economy,science",Unknown,https://diksha.gov.in/,diksha.gov.in,CC BY 4.0,"DIKSHA Platform Team, NCERT, Ministry of Education, Government of India",PDF,diksha-ga/geography/physical/ncert-class11-physical-geography.pdf,7b767a52294f740633e491fca6aab9f0f30e9c3485cd17e96a298e65959fa861,6714677,2025-10-31T03:11:17.770123,Official DIKSHA platform content
ncert-class6-geography,,CBSE_VI-XII,diksha_platform,"general_awareness,history,geography,polity,economy,science",Unknown,https://diksha.gov.in/,diksha.gov.in,CC BY 4.0,"DIKSHA Platform Team, NCERT, Ministry of Education, Government of India",PDF,diksha-ga/geography/physical/ncert-class6-geography.pdf,18a580b4558cf2449e26d71b7b81292678637cbb86accbc919a20209deba3ac3,24231787,2025-10-31T03:11:17.823233,Official DIKSHA platform content
ncert-class7-our-environment,,CBSE_VI-XII,diksha_platform,"general_awareness,history,geography,polity,economy,science",Unknown,https://diksha.gov.in/,diksha.gov.in,CC BY 4.0,"DIKSHA Platform Team, NCERT, Ministry of Education, Government of India",PDF,diksha-ga/geography/physical/ncert-class7-our-environment.pdf,41b13ade2d306b67be60cfee1e7e687409b7fb0ebaf70600af0e86a528a983fa,27951478,2025-10-31T03:11:17.850842,Official DIKSHA platform content
ncert-class8-resources-development,,CBSE_VI-XII,diksha_platform,"general_awareness,history,geography,polity,economy,science",Unknown,https://diksha.gov.in/,diksha.gov.in,CC BY 4.0,"DIKSHA Platform Team, NCERT, Ministry of Education, Government of India",PDF,diksha-ga/geography/physical/ncert-class8-resources-development.pdf,a7b6a07433f6874dff6830704a7d08f637d1467212278b50dfc8b92bf6c2bdb3,15380205,2025-10-31T03:11:17.866329,Official DIKSHA platform content
ncert-class12-human-geography,,CBSE_VI-XII,diksha_platform,"general_awareness,history,geography,polity,economy,science",Unknown,https://diksha.gov.in/,diksha.gov.in,CC BY 4.0,"DIKSHA Platform Team, NCERT, Ministry of Education, Government of India",PDF,diksha-ga/geography/world/ncert-class12-human-geography.pdf,2fb6dc65535994ed0df15c2a0b087025edf7332031bbc32cdc1405569a49eed3,9822539,2025-10-31T03:11:17.877806,Official DIKSHA platform content
ncert-class12-themes-indian-history-1,,CBSE_VI-XII,diksha_platform,"general_awareness,history,geography,polity,economy,science",Unknown,https://diksha.gov.in/,diksha.gov.in,CC BY 4.0,"DIKSHA Platform Team, NCERT, Ministry of Education, Government of India",PDF,diksha-ga/indian-history/ancient/ncert-class12-themes-indian-history-1.pdf,eee4a4df14af4da6f30c4114ecdede0d5ea057e5ab42f11a0706d487c16bfa74,174473,2025-10-31T03:11:17.886984,Official DIKSHA platform content
ncert-class6-our-pasts-1,,CBSE_VI-XII,diksha_platform,"general_awareness,history,geography,polity,economy,science",Unknown,https://diksha.gov.in/,diksha.gov.in,CC BY 4.0,"DIKSHA Platform Team, NCERT, Ministry of Education, Government of India",PDF,diksha-ga/indian-history/ancient/ncert-class6-our-pasts-1.pdf,55115af4a3f53c902f988e3f98968007abea5f977a436532d365c0a56c3a7d07,174557,2025-10-31T03:11:17.888358,Official DIKSHA platform content
ncert-class12-themes-indian-history-2,,CBSE_VI-XII,diksha_platform,"general_awareness,history,geography,polity,economy,science",Unknown,https://diksha.gov.in/,diksha.gov.in,CC BY 4.0,"DIKSHA Platform Team, NCERT, Ministry of Education, Government of India",PDF,diksha-ga/indian-history/medieval/ncert-class12-themes-indian-history-2.pdf,8c6bbbf0ba688ae5fe32aa8b90ab75d616005df77b116efac9aecc6408d79be4,174473,2025-10-31T03:11:17.891032,Official DIKSHA platform content
ncert-class7-our-pasts-2,,CBSE_VI-XII,diksha_platform,"general_awareness,history,geography,polity,economy,science",Unknown,https://diksha.gov.in/,diksha.gov.in,CC BY 4.0,"DIKSHA Platform Team, NCERT, Ministry of Education, Government of India",PDF,diksha-ga/indian-history/medieval/ncert-class7-our-pasts-2.pdf,eb3d458ea52d67970ce06c5ffa1f65a27c72765947ec64611f72f6644836d183,174571,2025-10-31T03:11:17.892537,Official DIKSHA platform content
ncert-class10-india-contemporary-world-2,,CBSE_VI-XII,diksha_platform,"general_awareness,history,geography,polity,economy,science",Unknown,https://diksha.gov.in/,diksha.gov.in,CC BY 4.0,"DIKSHA Platform Team, NCERT, Ministry of Education, Government of India",PDF,diksha-ga/indian-history/modern/ncert-class10-india-contemporary-world-2.pdf,c7305193989e976e3eedcd98b4d24eda2865e080c50b8d0140786d51c5c0f196,7390788,2025-10-31T03:11:17.927951,Official DIKSHA platform content
ncert-class11-themes-world-history,,CBSE_VI-XII,diksha_platform,"general_awareness,history,geography,polity,economy,science",Unknown,https://diksha.gov.in/,diksha.gov.in,CC BY 4.0,"DIKSHA Platform Team, NCERT, Ministry of Education, Government of India",PDF,diksha-ga/indian-history/modern/ncert-class11-themes-world-history.pdf,0dc1b3fa864f5f0bdc66f6005a7b8f6dca77ee385e0298b7c0bc4b31eb995b4c,3826129,2025-10-31T03:11:17.933017,Official DIKSHA platform content
ncert-class12-themes-indian-history-3,,CBSE_VI-XII,diksha_platform,"general_awareness,history,geography,polity,economy,science",Unknown,https://diksha.gov.in/,diksha.gov.in,CC BY 4.0,"DIKSHA Platform Team, NCERT, Ministry of Education, Government of India",PDF,diksha-ga/indian-history/modern/ncert-class12-themes-indian-history-3.pdf,b9154bdec5c330ea3ba4aab589b35a1be4944351dce533e853cf92dac7797e26,174473,2025-10-31T03:11:17.934709,Official DIKSHA platform content
ncert-class8-our-pasts-3,,CBSE_VI-XII,diksha_platform,"general_awareness,history,geography,polity,economy,science",Unknown,https://diksha.gov.in/,diksha.gov.in,CC BY 4.0,"DIKSHA Platform Team, NCERT, Ministry of Education, Government of India",PDF,diksha-ga/indian-history/modern/ncert-class8-our-pasts-3.pdf,239b6b46b955451a8e3aaf34ddc00e552207946f12dfe2d1b000d65b1c01cf48,174557,2025-10-31T03:11:17.936371,Official DIKSHA platform content
ncert-class9-india-contemporary-world-1,,CBSE_VI-XII,diksha_platform,"general_awareness,history,geography,polity,economy,science",Unknown,https://diksha.gov.in/,diksha.gov.in,CC BY 4.0,"DIKSHA Platform Team, NCERT, Ministry of Education, Government of India",PDF,diksha-ga/indian-history/modern/ncert-class9-india-contemporary-world-1.pdf,a2139f1d3653dde3c1a8160f40a3781c3681f202311f842d92680978978d926d,174375,2025-10-31T03:11:17.937900,Official DIKSHA platform content
ncert-class10-democratic-politics-2,,CBSE_VI-XII,diksha_platform,"general_awareness,history,geography,polity,economy,science",Unknown,https://diksha.gov.in/,diksha.gov.in,CC BY 4.0,"DIKSHA Platform Team, NCERT, Ministry of Education, Government of India",PDF,diksha-ga/polity/constitution/ncert-class10-democratic-politics-2.pdf,6e4c7db56c13fc636643c0afa0ab72f7e861084bf8bf281c55c0d515a8d30671,5370551,2025-10-31T03:11:17.948111,Official DIKSHA platform content
ncert-class11-indian-constitution,,CBSE_VI-XII,diksha_platform,"general_awareness,history,geography,polity,economy,science",Unknown,https://diksha.gov.in/,diksha.gov.in,CC BY 4.0,"DIKSHA Platform Team, NCERT, Ministry of Education, Government of India",PDF,diksha-ga/polity/constitution/ncert-class11-indian-constitution.pdf,6c62d4fc39b5ce1127f14603af46cd56936af56b7930a1951d3267f7bcc1e5a9,4012108,2025-10-31T03:11:17.953140,Official DIKSHA platform content
ncert-class11-political-theory,,CBSE_VI-XII,diksha_platform,"general_awareness,history,geography,polity,economy,science",Unknown,https://diksha.gov.in/,diksha.gov.in,CC BY 4.0,"DIKSHA Platform Team, NCERT, Ministry of Education, Government of India",PDF,diksha-ga/polity/constitution/ncert-class11-political-theory.pdf,64dbb6982638e5d8c107c211fd570112e00b1d279c2e71e8cec33f67a2831ea8,6888966,2025-10-31T03:11:17.960724,Official DIKSHA platform content
ncert-class6-social-political-life-1,,CBSE_VI-XII,diksha_platform,"general_awareness,history,geography,polity,economy,science",Unknown,https://diksha.gov.in/,diksha.gov.in,CC BY 4.0,"DIKSHA Platform Team, NCERT, Ministry of Education, Government of India",PDF,diksha-ga/polity/constitution/ncert-class6-social-political-life-1.pdf,f05c72fa38f3791a27a9a50c390b94135e8404bb4057c544c4a2d1ee132960ab,13099441,2025-10-31T03:11:17.973754,Official DIKSHA platform content
ncert-class7-social-political-life-2,,CBSE_VI-XII,diksha_platform,"general_awareness,history,geography,polity,economy,science",Unknown,https://diksha.gov.in/,diksha.gov.in,CC BY 4.0,"DIKSHA Platform Team, NCERT, Ministry of Education, Government of India",PDF,diksha-ga/polity/constitution/ncert-class7-social-political-life-2.pdf,f5ce92f8b10f30cbab4165f98e96e7e6228e12de8df099064abf5a3bceaac1e7,22950037,2025-10-31T03:11:17.995638,Official DIKSHA platform content
ncert-class8-social-political-life-3,,CBSE_VI-XII,diksha_platform,"general_awareness,history,geography,polity,economy,science",Unknown,https://diksha.gov.in/,diksha.gov.in,CC BY 4.0,"DIKSHA Platform Team, NCERT, Ministry of Education, Government of India",PDF,diksha-ga/polity/constitution/ncert-class8-social-political-life-3.pdf,1a4e9f3c94586473e0b81098cc89f1d1e9f18c31c69dec494eeb8eaf2fc9ef80,17209913,2025-10-31T03:11:18.017143,Official DIKSHA platform content
ncert-class9-democratic-politics-1,,CBSE_VI-XII,diksha_platform,"general_awareness,history,geography,polity,economy,science",Unknown,https://diksha.gov.in/,diksha.gov.in,CC BY 4.0,"DIKSHA Platform Team, NCERT, Ministry of Education, Government of India",PDF,diksha-ga/polity/constitution/ncert-class9-democratic-politics-1.pdf,77d8a17313011ef66c8b39157cd0f77409ee15637ffa945966a0af0ddd0f8bed,10916922,2025-10-31T03:11:18.029617,Official DIKSHA platform content
ncert-class12-contemporary-world-politics,,CBSE_VI-XII,diksha_platform,"general_awareness,history,geography,polity,economy,science",Unknown,https://diksha.gov.in/,diksha.gov.in,CC BY 4.0,"DIKSHA Platform Team, NCERT, Ministry of Education, Government of India",PDF,diksha-ga/polity/governance/ncert-class12-contemporary-world-politics.pdf,a58d55fcb92c9dbb915d241d9d3dff4501c15d2a6c48021133b73717ec9d7a72,3301124,2025-10-31T03:11:18.034611,Official DIKSHA platform content
ncert-class12-politics-india-independence,,CBSE_VI-XII,diksha_platform,"general_awareness,history,geography,polity,economy,science",Unknown,https://diksha.gov.in/,diksha.gov.in,CC BY 4.0,"DIKSHA Platform Team, NCERT, Ministry of Education, Government of India",PDF,diksha-ga/polity/governance/ncert-class12-politics-india-independence.pdf,e1d751473be0e4aaf9be0c057814042e8f1bb983ad1fc4d117cb31b9df18848c,29731325,2025-10-31T03:11:18.062854,Official DIKSHA platform content
ncert-class11-craft-traditions,,CBSE_VI-XII,diksha_platform,"general_awareness,history,geography,polity,economy,science",Unknown,https://diksha.gov.in/,diksha.gov.in,CC BY 4.0,"DIKSHA Platform Team, NCERT, Ministry of Education, Government of India",PDF,diksha-ga/static-gk/organizations/ncert-class11-craft-traditions.pdf,e3e6303868b3d7430a783e99129780c5b26b5c5f7eaf348913d3fefafac4b239,174557,2025-10-31T03:11:18.068862,Official DIKSHA platform content
ncert-class11-indian-art-complete,,CBSE_VI-XII,diksha_platform,"general_awareness,history,geography,polity,economy,science",Unknown,https://diksha.gov.in/,diksha.gov.in,CC BY 4.0,"DIKSHA Platform Team, NCERT, Ministry of Education, Government of India",PDF,diksha-ga/static-gk/organizations/ncert-class11-indian-art-complete.pdf,d1e54fca71c97ec389f694c4d3f72470e26790fe0a77a452c32d25d257c8be29,174585,2025-10-31T03:11:18.070306,Official DIKSHA platform content
ncert-class11-indian-art,,CBSE_VI-XII,diksha_platform,"general_awareness,history,geography,polity,economy,science",Unknown,https://diksha.gov.in/,diksha.gov.in,CC BY 4.0,"DIKSHA Platform Team, NCERT, Ministry of Education, Government of India",PDF,diksha-ga/static-gk/organizations/ncert-class11-indian-art.pdf,d1e54fca71c97ec389f694c4d3f72470e26790fe0a77a452c32d25d257c8be29,174585,2025-10-31T03:11:18.072769,Official DIKSHA platform content
COMPREHENSIVE_DOWNLOAD_REPORT,,CBSE_VIII-X,diksha_platform,"mathematics,algebra,geometry,trigonometry,statistics",Unknown,https://diksha.gov.in/,diksha.gov.in,CC BY 4.0,"DIKSHA Platform Team, NCERT, Ministry of Education, Government of India",Markdown,diksha-math/COMPREHENSIVE_DOWNLOAD_REPORT.md,eb9b5a34ce1a98e73f367a5833dd8ac5be271d2da63d6921634e6935b8257671,7898,2025-10-31T03:11:18.075127,Official DIKSHA platform content
DIKSHA_Mathematics_Collection_Report,,CBSE_VIII-X,diksha_platform,"mathematics,algebra,geometry,trigonometry,statistics",Unknown,https://diksha.gov.in/,diksha.gov.in,CC BY 4.0,"DIKSHA Platform Team, NCERT, Ministry of Education, Government of India",Markdown,diksha-math/DIKSHA_Mathematics_Collection_Report.md,dafaa9a26acf3b7954ad6adbe944813c33d7596ce263b6f5880d5e2510bda011,35172,2025-10-31T03:11:18.075641,Official DIKSHA platform content
DOWNLOAD_COMPLETION_SUMMARY,,CBSE_VIII-X,diksha_platform,"mathematics,algebra,geometry,trigonometry,statistics",Unknown,https://diksha.gov.in/,diksha.gov.in,CC BY 4.0,"DIKSHA Platform Team, NCERT, Ministry of Education, Government of India",Markdown,diksha-math/DOWNLOAD_COMPLETION_SUMMARY.md,99c235c2eb452bde7fbe9b43e0faf3a066b65fac539c320a93b1c095d63f63ae,5768,2025-10-31T03:11:18.076086,Official DIKSHA platform content
FINAL_STATUS_REPORT,,CBSE_VIII-X,diksha_platform,"mathematics,algebra,geometry,trigonometry,statistics",Unknown,https://diksha.gov.in/,diksha.gov.in,CC BY 4.0,"DIKSHA Platform Team, NCERT, Ministry of Education, Government of India",Markdown,diksha-math/FINAL_STATUS_REPORT.md,eb6e04d0d04df5870847818e15d334a5b96dd404afeb324827fbc34c502ecca7,33344,2025-10-31T03:11:18.076576,Official DIKSHA platform content
PRIORITY_DOWNLOADS_COMPLETION_REPORT,,CBSE_VIII-X,diksha_platform,"mathematics,algebra,geometry,trigonometry,statistics",Unknown,https://diksha.gov.in/,diksha.gov.in,CC BY 4.0,"DIKSHA Platform Team, NCERT, Ministry of Education, Government of India",Markdown,diksha-math/PRIORITY_DOWNLOADS_COMPLETION_REPORT.md,85fa8b06f2538a915cab964bcdbf9a3b8f0e4451015203447181f5c3983c46ef,6565,2025-10-31T03:11:18.077071,Official DIKSHA platform content
diksha_search_plan,,CBSE_VIII-X,diksha_platform,"mathematics,algebra,geometry,trigonometry,statistics",Unknown,https://diksha.gov.in/,diksha.gov.in,CC BY 4.0,"DIKSHA Platform Team, NCERT, Ministry of Education, Government of India",Markdown,diksha-math/diksha_search_plan.md,db251504ced2ddfac1f83769c9da1f5d66fdc1404f37572ba7c85c0511849b83,4531,2025-10-31T03:11:18.077548,Official DIKSHA platform content
cbse_mathematics_collection,,CBSE_VIII-X,diksha_platform,"mathematics,algebra,geometry,trigonometry,statistics",Unknown,https://diksha.gov.in/,diksha.gov.in,CC BY 4.0,"DIKSHA Platform Team, NCERT, Ministry of Education, Government of India",JSON,diksha-math/metadata/cbse_mathematics_collection.json,ebce0b7494db5c7ca7a409eae47b18ca5c95ce7005983ea3397576020cb5ac99,2103,2025-10-31T03:11:18.085891,Official DIKSHA platform content
collection_metadata,,CBSE_VIII-X,diksha_platform,"mathematics,algebra,geometry,trigonometry,statistics",Unknown,https://diksha.gov.in/,diksha.gov.in,CC BY 4.0,"DIKSHA Platform Team, NCERT, Ministry of Education, Government of India",JSON,diksha-math/metadata/collection_metadata.json,ea0c44d6d8a457617fddd4848c8ad010f5c9161af23c2af74ec33e90a72c0894,54074,2025-10-31T03:11:18.087838,Official DIKSHA platform content
diksha_mathematics_resources,,CBSE_VIII-X,diksha_platform,"mathematics,algebra,geometry,trigonometry,statistics",Unknown,https://diksha.gov.in/,diksha.gov.in,CC BY 4.0,"DIKSHA Platform Team, NCERT, Ministry of Education, Government of India",JSON,diksha-math/metadata/diksha_mathematics_resources.json,036c61daaa446c3ff4fa1467e3c7618d11c30455a26c1fcc0b0e580f12e2d501,2826,2025-10-31T03:11:18.090094,Official DIKSHA platform content
ncert_class10_trigonometry_metadata,,CBSE_VIII-X,diksha_platform,"mathematics,algebra,geometry,trigonometry,statistics",Unknown,https://diksha.gov.in/,diksha.gov.in,CC BY 4.0,"DIKSHA Platform Team, NCERT, Ministry of Education, Government of India",JSON,diksha-math/metadata/ncert_class10_trigonometry_metadata.json,48c29e83e20c14b64d42f4a18ee6fea07a76cf5ae2a32a2dc02d8364cc7e247f,596,2025-10-31T03:11:18.091470,Official DIKSHA platform content
ncert_class8_algebra_metadata,,CBSE_VIII-X,diksha_platform,"mathematics,algebra,geometry,trigonometry,statistics",Unknown,https://diksha.gov.in/,diksha.gov.in,CC BY 4.0,"DIKSHA Platform Team, NCERT, Ministry of Education, Government of India",JSON,diksha-math/metadata/ncert_class8_algebra_metadata.json,4cbcfdb5368a77e4cdf372662afd8cbc82682e718197ff03a1daf7cb6589d785,618,2025-10-31T03:11:18.093616,Official DIKSHA platform content
ncert_class8_number_system_metadata,,CBSE_VIII-X,diksha_platform,"mathematics,algebra,geometry,trigonometry,statistics",Unknown,https://diksha.gov.in/,diksha.gov.in,CC BY 4.0,"DIKSHA Platform Team, NCERT, Ministry of Education, Government of India",JSON,diksha-math/metadata/ncert_class8_number_system_metadata.json,e200e54c47e3253708329b6b15f661faa94f13f1ca0f7cd7e6b0dfed46ed19c2,639,2025-10-31T03:11:18.095819,Official DIKSHA platform content
ncert_class8_statistics_metadata,,CBSE_VIII-X,diksha_platform,"mathematics,algebra,geometry,trigonometry,statistics",Unknown,https://diksha.gov.in/,diksha.gov.in,CC BY 4.0,"DIKSHA Platform Team, NCERT, Ministry of Education, Government of India",JSON,diksha-math/metadata/ncert_class8_statistics_metadata.json,c2db68dba17b3962c6f2400225808b850a7435940185a26622fa49e8013f7753,631,2025-10-31T03:11:18.097106,Official DIKSHA platform content
ncert_class9_number_systems_metadata,,CBSE_VIII-X,diksha_platform,"mathematics,algebra,geometry,trigonometry,statistics",Unknown,https://diksha.gov.in/,diksha.gov.in,CC BY 4.0,"DIKSHA Platform Team, NCERT, Ministry of Education, Government of India",JSON,diksha-math/metadata/ncert_class9_number_systems_metadata.json,2fca87dd749c9fd28ff39acaa615e6445b6ec4d8d97dcc118786e893ec918e11,599,2025-10-31T03:11:18.098320,Official DIKSHA platform content
ncert_class9_polynomials_metadata,,CBSE_VIII-X,diksha_platform,"mathematics,algebra,geometry,trigonometry,statistics",Unknown,https://diksha.gov.in/,diksha.gov.in,CC BY 4.0,"DIKSHA Platform Team, NCERT, Ministry of Education, Government of India",JSON,diksha-math/metadata/ncert_class9_polynomials_metadata.json,048deea04a8e591051fe97b40a2d2387d67c4e96f453d2453179beb6ac919a0d,582,2025-10-31T03:11:18.099580,Official DIKSHA platform content
practical_geometry_class8_metadata,,CBSE_VIII-X,diksha_platform,"mathematics,algebra,geometry,trigonometry,statistics",Unknown,https://diksha.gov.in/,diksha.gov.in,CC BY 4.0,"DIKSHA Platform Team, NCERT, Ministry of Education, Government of India",JSON,diksha-math/metadata/practical_geometry_class8_metadata.json,172d525a977f3e61a784aed319847130cb973594d0a58415181e98a79db08f85,599,2025-10-31T03:11:18.101002,Official DIKSHA platform content
cbse_class8_math,,CBSE_VIII-X,diksha_platform,"mathematics,algebra,geometry,trigonometry,statistics",Unknown,https://diksha.gov.in/,diksha.gov.in,CC BY 4.0,"DIKSHA Platform Team, NCERT, Ministry of Education, Government of India",PDF,diksha-math/study-materials/oer/mathematics/english/cbse_class8_math.pdf,a8f4e97bd2de45fed3d7f4895296b44b82f84d8d979ffb5d4a521581baf72b7c,4832768,2025-10-31T03:11:18.120563,Official DIKSHA platform content
rational_numbers_chapter,,CBSE_VIII-X,diksha_platform,"mathematics,algebra,geometry,trigonometry,statistics",Unknown,https://diksha.gov.in/,diksha.gov.in,CC BY 4.0,"DIKSHA Platform Team, NCERT, Ministry of Education, Government of India",PDF,diksha-math/study-materials/oer/mathematics/english/rational_numbers_chapter.pdf,8d017e8e38907dcd91a9757c7993f05bc2634a71f3c1279b47852c12b81eb383,1792274,2025-10-31T03:11:18.129140,Official DIKSHA platform content
sample_content,,CBSE_VIII-X,diksha_platform,"mathematics,algebra,geometry,trigonometry,statistics",Unknown,https://diksha.gov.in/,diksha.gov.in,CC BY 4.0,"DIKSHA Platform Team, NCERT, Ministry of Education, Government of India",Markdown,diksha-math/study-materials/oer/mathematics/english/sample_content.md,ce50fea1b0a5745af4280e29169dbbc5fc00f96a692735157b87ae1ea0572c35,73,2025-10-31T03:11:18.130969,Official DIKSHA platform content
test_small_file,,CBSE_VIII-X,diksha_platform,"mathematics,algebra,geometry,trigonometry,statistics",Unknown,https://diksha.gov.in/,diksha.gov.in,CC BY 4.0,"DIKSHA Platform Team, NCERT, Ministry of Education, Government of India",PDF,diksha-math/study-materials/oer/mathematics/english/test_small_file.pdf,723a1e64f0824457cbff7062277e60326f22689a3a925c39e5a90c2092f9f96b,212992,2025-10-31T03:11:18.134802,Official DIKSHA platform content
ncert_class8_algebra,,CBSE_VIII-X,diksha_platform,"mathematics,algebra,geometry,trigonometry,statistics",Unknown,https://diksha.gov.in/,diksha.gov.in,CC BY 4.0,"DIKSHA Platform Team, NCERT, Ministry of Education, Government of India",PDF,diksha-math/study-materials/oer/mathematics/english/algebra/ncert_class8_algebra.pdf,f988b383a02e498176a8409fcdd82bcbbfcfcb19c1de450a04bd5bb0c289d4ad,11672181,2025-10-31T03:11:18.163158,Official DIKSHA platform content
ncert_class9_polynomials,,CBSE_VIII-X,diksha_platform,"mathematics,algebra,geometry,trigonometry,statistics",Unknown,https://diksha.gov.in/,diksha.gov.in,CC BY 4.0,"DIKSHA Platform Team, NCERT, Ministry of Education, Government of India",PDF,diksha-math/study-materials/oer/mathematics/english/algebra/ncert_class9_polynomials.pdf,dc34a28b227969b3e5d900fb8e414ac2575fc6a70a551ffccc8c723d697c3e3a,1460255,2025-10-31T03:11:18.167267,Official DIKSHA platform content
diksha_practical_geometry_class8,,CBSE_VIII-X,diksha_platform,"mathematics,algebra,geometry,trigonometry,statistics",Unknown,https://diksha.gov.in/,diksha.gov.in,CC BY 4.0,"DIKSHA Platform Team, NCERT, Ministry of Education, Government of India",Text,diksha-math/study-materials/oer/mathematics/english/geometry/diksha_practical_geometry_class8.txt,557b8e51639c3d8a2ae606e6d516fe33a83dda266eef534ca5a9f2e77870894a,73147,2025-10-31T03:11:18.169426,Official DIKSHA platform content
practical_geometry_class7,,CBSE_VIII-X,diksha_platform,"mathematics,algebra,geometry,trigonometry,statistics",Unknown,https://diksha.gov.in/,diksha.gov.in,CC BY 4.0,"DIKSHA Platform Team, NCERT, Ministry of Education, Government of India",PDF,diksha-math/study-materials/oer/mathematics/english/geometry/practical_geometry_class7.pdf,0f55f7e92c4bbe37e24c1ec53c356a0d52819eced416d63dfcbb9f101e18e611,1514431,2025-10-31T03:11:18.172037,Official DIKSHA platform content
practical_geometry_class8,,CBSE_VIII-X,diksha_platform,"mathematics,algebra,geometry,trigonometry,statistics",Unknown,https://diksha.gov.in/,diksha.gov.in,CC BY 4.0,"DIKSHA Platform Team, NCERT, Ministry of Education, Government of India",PDF,diksha-math/study-materials/oer/mathematics/english/geometry/practical_geometry_class8.pdf,0f55f7e92c4bbe37e24c1ec53c356a0d52819eced416d63dfcbb9f101e18e611,1514431,2025-10-31T03:11:18.175818,Official DIKSHA platform content
introduction_to_graphs_ncert,,CBSE_VIII-X,diksha_platform,"mathematics,algebra,geometry,trigonometry,statistics",Unknown,https://diksha.gov.in/,diksha.gov.in,CC BY 4.0,"DIKSHA Platform Team, NCERT, Ministry of Education, Government of India",PDF,diksha-math/study-materials/oer/mathematics/english/mensuration/introduction_to_graphs_ncert.pdf,19408bc3918c2ddd77ffb9801d7282a2fe36c346d71a145235b2a8a4df357bf4,126976,2025-10-31T03:11:18.177578,Official DIKSHA platform content
practical_geometry_class8_complete,,CBSE_VIII-X,diksha_platform,"mathematics,algebra,geometry,trigonometry,statistics",Unknown,https://diksha.gov.in/,diksha.gov.in,CC BY 4.0,"DIKSHA Platform Team, NCERT, Ministry of Education, Government of India",PDF,diksha-math/study-materials/oer/mathematics/english/mensuration/practical_geometry_class8_complete.pdf,8982db152d19953cc6598725ca7691de7ded02a1b1175d9a07c494e999c41a80,400133,2025-10-31T03:11:18.179188,Official DIKSHA platform content
tripura_class8_workbook,,CBSE_VIII-X,diksha_platform,"mathematics,algebra,geometry,trigonometry,statistics",Unknown,https://diksha.gov.in/,diksha.gov.in,CC BY 4.0,"DIKSHA Platform Team, NCERT, Ministry of Education, Government of India",PDF,diksha-math/study-materials/oer/mathematics/english/mensuration/tripura_class8_workbook.pdf,cdb92fdb0f5acc8c504541f753c06800c7b34555dab223acecd52703efb7c31f,207958,2025-10-31T03:11:18.181396,Official DIKSHA platform content
cbse_class8_math_textbook,,CBSE_VIII-X,diksha_platform,"mathematics,algebra,geometry,trigonometry,statistics",Unknown,https://diksha.gov.in/,diksha.gov.in,CC BY 4.0,"DIKSHA Platform Team, NCERT, Ministry of Education, Government of India",PDF,diksha-math/study-materials/oer/mathematics/english/number-system/cbse_class8_math_textbook.pdf,9dcfedd61e230c0ff84c2dd85fe56154b32261b5740d6687ecb816def8ce21ce,207792,2025-10-31T03:11:18.183565,Official DIKSHA platform content
cbse_class8_mathematics,,CBSE_VIII-X,diksha_platform,"mathematics,algebra,geometry,trigonometry,statistics",Unknown,https://diksha.gov.in/,diksha.gov.in,CC BY 4.0,"DIKSHA Platform Team, NCERT, Ministry of Education, Government of India",PDF,diksha-math/study-materials/oer/mathematics/english/number-system/cbse_class8_mathematics.pdf,737150d7c562713f90a1cade8ff647c14059403dc0a65b17f91388465f23caa2,14272922,2025-10-31T03:11:18.197671,Official DIKSHA platform content
ncert_class8_complete_textbook,,CBSE_VIII-X,diksha_platform,"mathematics,algebra,geometry,trigonometry,statistics",Unknown,https://diksha.gov.in/,diksha.gov.in,CC BY 4.0,"DIKSHA Platform Team, NCERT, Ministry of Education, Government of India",PDF,diksha-math/study-materials/oer/mathematics/english/number-system/ncert_class8_complete_textbook.pdf,9dcfedd61e230c0ff84c2dd85fe56154b32261b5740d6687ecb816def8ce21ce,207792,2025-10-31T03:11:18.199350,Official DIKSHA platform content
ncert_class8_math,,CBSE_VIII-X,diksha_platform,"mathematics,algebra,geometry,trigonometry,statistics",Unknown,https://diksha.gov.in/,diksha.gov.in,CC BY 4.0,"DIKSHA Platform Team, NCERT, Ministry of Education, Government of India",PDF,diksha-math/study-materials/oer/mathematics/english/number-system/ncert_class8_math.pdf,f988b383a02e498176a8409fcdd82bcbbfcfcb19c1de450a04bd5bb0c289d4ad,11672181,2025-10-31T03:11:18.211528,Official DIKSHA platform content
ncert_class8_mathematics,,CBSE_VIII-X,diksha_platform,"mathematics,algebra,geometry,trigonometry,statistics",Unknown,https://diksha.gov.in/,diksha.gov.in,CC BY 4.0,"DIKSHA Platform Team, NCERT, Ministry of Education, Government of India",PDF,diksha-math/study-materials/oer/mathematics/english/number-system/ncert_class8_mathematics.pdf,f988b383a02e498176a8409fcdd82bcbbfcfcb19c1de450a04bd5bb0c289d4ad,11672181,2025-10-31T03:11:18.224475,Official DIKSHA platform content
ncert_class8_number_system,,CBSE_VIII-X,diksha_platform,"mathematics,algebra,geometry,trigonometry,statistics",Unknown,https://diksha.gov.in/,diksha.gov.in,CC BY 4.0,"DIKSHA Platform Team, NCERT, Ministry of Education, Government of India",PDF,diksha-math/study-materials/oer/mathematics/english/number-system/ncert_class8_number_system.pdf,f988b383a02e498176a8409fcdd82bcbbfcfcb19c1de450a04bd5bb0c289d4ad,11672181,2025-10-31T03:11:18.240523,Official DIKSHA platform content
ncert_class9_number_systems,,CBSE_VIII-X,diksha_platform,"mathematics,algebra,geometry,trigonometry,statistics",Unknown,https://diksha.gov.in/,diksha.gov.in,CC BY 4.0,"DIKSHA Platform Team, NCERT, Ministry of Education, Government of India",PDF,diksha-math/study-materials/oer/mathematics/english/number-system/ncert_class9_number_systems.pdf,d839f2e947d9c85b47bb0146ec676a19a7f7d1296d1238b2343283a259fdc272,1970372,2025-10-31T03:11:18.243866,Official DIKSHA platform content
rational_numbers_ncert_chapter,,CBSE_VIII-X,diksha_platform,"mathematics,algebra,geometry,trigonometry,statistics",Unknown,https://diksha.gov.in/,diksha.gov.in,CC BY 4.0,"DIKSHA Platform Team, NCERT, Ministry of Education, Government of India",PDF,diksha-math/study-materials/oer/mathematics/english/number-system/rational_numbers_ncert_chapter.pdf,bf014b4cde0b1efb3fd930c42523ec0f9229b542b0f63e010ca3ea45d77156bb,126976,2025-10-31T03:11:18.245825,Official DIKSHA platform content
direct_inverse_proportions_ncert,,CBSE_VIII-X,diksha_platform,"mathematics,algebra,geometry,trigonometry,statistics",Unknown,https://diksha.gov.in/,diksha.gov.in,CC BY 4.0,"DIKSHA Platform Team, NCERT, Ministry of Education, Government of India",PDF,diksha-math/study-materials/oer/mathematics/english/ratio-proportion/direct_inverse_proportions_ncert.pdf,aa9d5aa7956932a78bc4c4e4cc6446c7ae349666afcb00d5622a47d2f50ec78a,111104,2025-10-31T03:11:18.248608,Official DIKSHA platform content
ncert_class8_statistics,,CBSE_VIII-X,diksha_platform,"mathematics,algebra,geometry,trigonometry,statistics",Unknown,https://diksha.gov.in/,diksha.gov.in,CC BY 4.0,"DIKSHA Platform Team, NCERT, Ministry of Education, Government of India",PDF,diksha-math/study-materials/oer/mathematics/english/statistics/ncert_class8_statistics.pdf,f988b383a02e498176a8409fcdd82bcbbfcfcb19c1de450a04bd5bb0c289d4ad,11672181,2025-10-31T03:11:18.261164,Official DIKSHA platform content
ncert_class10_trigonometry,,CBSE_VIII-X,diksha_platform,"mathematics,algebra,geometry,trigonometry,statistics",Unknown,https://diksha.gov.in/,diksha.gov.in,CC BY 4.0,"DIKSHA Platform Team, NCERT, Ministry of Education, Government of India",PDF,diksha-math/study-materials/oer/mathematics/english/trigonometry/ncert_class10_trigonometry.pdf,610301e4275a4cc60603c581ff3e9f4bd260af6e6245e860649e7b6043a54186,996975,2025-10-31T03:11:18.265431,Official DIKSHA platform content
README,,competitive_exam,diksha_platform,"logical_reasoning,verbal_reasoning,non_verbal_reasoning",Unknown,https://diksha.gov.in/,diksha.gov.in,CC BY 4.0,"DIKSHA Platform Team, NCERT, Ministry of Education, Government of India",Markdown,diksha-reasoning/README.md,e6e7394c04b46aa7d93e583b9cd7abd29c9a1b8bc1fc446413d408f0ef265e4f,34789,2025-10-31T03:11:18.285730,Official DIKSHA platform content
navigation_guide,,competitive_exam,diksha_platform,"logical_reasoning,verbal_reasoning,non_verbal_reasoning",Unknown,https://diksha.gov.in/,diksha.gov.in,CC BY 4.0,"DIKSHA Platform Team, NCERT, Ministry of Education, Government of India",Markdown,diksha-reasoning/documentation/navigation_guide.md,274f33974fd07e9e6341dc0e9c9a6e8f57f269ec6b74d5003210c6be835e462c,38800,2025-10-31T03:11:18.288573,Official DIKSHA platform content
content_inventory,,competitive_exam,diksha_platform,"logical_reasoning,verbal_reasoning,non_verbal_reasoning",Unknown,https://diksha.gov.in/,diksha.gov.in,CC BY 4.0,"DIKSHA Platform Team, NCERT, Ministry of Education, Government of India",JSON,diksha-reasoning/metadata/content_inventory.json,5ff13122c708cb51b7e5dfcbf07dea93fd04f6bd71e8804a9947b01bc476a147,7233,2025-10-31T03:11:18.296237,Official DIKSHA platform content
cross_reference_syllabus,,competitive_exam,diksha_platform,"logical_reasoning,verbal_reasoning,non_verbal_reasoning",Unknown,https://diksha.gov.in/,diksha.gov.in,CC BY 4.0,"DIKSHA Platform Team, NCERT, Ministry of Education, Government of India",Markdown,diksha-reasoning/metadata/cross_reference_syllabus.md,771565d9cfae8544276183948c3b2d7591e41377cea2263ac089d1da91dbd8a2,13257,2025-10-31T03:11:18.297435,Official DIKSHA platform content
IMO_Class_4_Logical_Reasoning_Sample_Paper,,competitive_exam,diksha_platform,"logical_reasoning,verbal_reasoning,non_verbal_reasoning",Unknown,https://diksha.gov.in/,diksha.gov.in,CC BY 4.0,"DIKSHA Platform Team, NCERT, Ministry of Education, Government of India",PDF,diksha-reasoning/downloaded_content/logical_reasoning/IMO_Class_4_Logical_Reasoning_Sample_Paper.pdf,167af149a228f315ad1badffc1453ea822ca279a6983eda193857d65b75066f3,477783,2025-10-31T03:11:18.302280,Official DIKSHA platform content
Logical_Reasoning_and_Analytical_Ability_Book,,competitive_exam,diksha_platform,"logical_reasoning,verbal_reasoning,non_verbal_reasoning",Unknown,https://diksha.gov.in/,diksha.gov.in,CC BY 4.0,"DIKSHA Platform Team, NCERT, Ministry of Education, Government of India",PDF,diksha-reasoning/downloaded_content/logical_reasoning/Logical_Reasoning_and_Analytical_Ability_Book.pdf,5c780fd19805ebbf333bd48fa0355d119aa06da979cfeb3ff733163e9749eb9e,1726094,2025-10-31T03:11:18.305231,Official DIKSHA platform content
CLASS_10_MENTAL_ABILITY_COMPETITIVE_EXAMS,,competitive_exam,diksha_platform,"logical_reasoning,verbal_reasoning,non_verbal_reasoning",Unknown,https://diksha.gov.in/,diksha.gov.in,CC BY 4.0,"DIKSHA Platform Team, NCERT, Ministry of Education, Government of India",PDF,diksha-reasoning/downloaded_content/mental_ability/CLASS_10_MENTAL_ABILITY_COMPETITIVE_EXAMS.pdf,4cdd2857b9edf8c829490993286d7ff7a05a3ae86b3362bd3f193928902db951,16971292,2025-10-31T03:11:18.322425,Official DIKSHA platform content
Figural_Analogy_Non_Verbal_Reasoning,,competitive_exam,diksha_platform,"logical_reasoning,verbal_reasoning,non_verbal_reasoning",Unknown,https://diksha.gov.in/,diksha.gov.in,CC BY 4.0,"DIKSHA Platform Team, NCERT, Ministry of Education, Government of India",PDF,diksha-reasoning/downloaded_content/non_verbal_reasoning/Figural_Analogy_Non_Verbal_Reasoning.pdf,e3b0c44298fc1c149afbf4c8996fb92427ae41e4649b934ca495991b7852b855,0,2025-10-31T03:11:18.324161,Official DIKSHA platform content
Non_Verbal_Reasoning_Key_Concepts,,competitive_exam,diksha_platform,"logical_reasoning,verbal_reasoning,non_verbal_reasoning",Unknown,https://diksha.gov.in/,diksha.gov.in,CC BY 4.0,"DIKSHA Platform Team, NCERT, Ministry of Education, Government of India",PDF,diksha-reasoning/downloaded_content/non_verbal_reasoning/Non_Verbal_Reasoning_Key_Concepts.pdf,c6c33b39abf702dddc2e8c20dc6871e3f3509c971108c143b3f3684c905dc120,2772791,2025-10-31T03:11:18.329254,Official DIKSHA platform content
Non_Verbal_Reasoning_Practice_Test_1,,competitive_exam,diksha_platform,"logical_reasoning,verbal_reasoning,non_verbal_reasoning",Unknown,https://diksha.gov.in/,diksha.gov.in,CC BY 4.0,"DIKSHA Platform Team, NCERT, Ministry of Education, Government of India",PDF,diksha-reasoning/downloaded_content/non_verbal_reasoning/Non_Verbal_Reasoning_Practice_Test_1.pdf,0bb770e3615f2d35a1bc2516a7c871a3d1015fa2af275486593d82f7b58b9b4b,1266236,2025-10-31T03:11:18.331727,Official DIKSHA platform content
Verbal_Reasoning_Tests,,competitive_exam,diksha_platform,"logical_reasoning,verbal_reasoning,non_verbal_reasoning",Unknown,https://diksha.gov.in/,diksha.gov.in,CC BY 4.0,"DIKSHA Platform Team, NCERT, Ministry of Education, Government of India",PDF,diksha-reasoning/downloaded_content/verbal_reasoning/analogies/Verbal_Reasoning_Tests.pdf,1f003df0f2b51913053ca18827c4071f44ebeecdff5c55af0aac02389f18c2e3,3309853,2025-10-31T03:11:18.343050,Official DIKSHA platform content
SSC_CGL_Sample_Reasoning,,competitive_exam,diksha_platform,"logical_reasoning,verbal_reasoning,non_verbal_reasoning",Unknown,https://diksha.gov.in/,diksha.gov.in,CC BY 4.0,"DIKSHA Platform Team, NCERT, Ministry of Education, Government of India",PDF,diksha-reasoning/downloaded_content/verbal_reasoning/coding_decoding/SSC_CGL_Sample_Reasoning.pdf,ad778f44c764d0f8bf2332963f44e0024fc84fe3a873e86931418b518058b965,4990092,2025-10-31T03:11:18.350110,Official DIKSHA platform content
ncert-class-11-biology,,CBSE_IX-XII,diksha_platform,"general_science,physics,chemistry,biology",Unknown,https://diksha.gov.in/,diksha.gov.in,CC BY 4.0,"DIKSHA Platform Team, NCERT, Ministry of Education, Government of India",PDF,diksha-science/content/rrb-ntpc/study-materials/oer/general-science/biology/ncert-class-11-biology.pdf,da8a9a98550e9d388dceeb68b25468679d049b1dbddd55223988c0f6c0225960,55978,2025-10-31T03:11:18.377216,Official DIKSHA platform content
ncert-class-11-chemistry-part1,,CBSE_IX-XII,diksha_platform,"general_science,physics,chemistry,biology",Unknown,https://diksha.gov.in/,diksha.gov.in,CC BY 4.0,"DIKSHA Platform Team, NCERT, Ministry of Education, Government of India",PDF,diksha-science/content/rrb-ntpc/study-materials/oer/general-science/chemistry/ncert-class-11-chemistry-part1.pdf,f1badcf053733c2cc0b885a673c95b76406645e053f572eed2a53cf1b0f9c3f8,113652,2025-10-31T03:11:18.382197,Official DIKSHA platform content
ncert-class-9-science,,CBSE_IX-XII,diksha_platform,"general_science,physics,chemistry,biology",Unknown,https://diksha.gov.in/,diksha.gov.in,CC BY 4.0,"DIKSHA Platform Team, NCERT, Ministry of Education, Government of India",PDF,diksha-science/content/rrb-ntpc/study-materials/oer/general-science/chemistry/ncert-class-9-science.pdf,1c2aa70e7ea7a4e9d037b2f28c51ea6221ddd44acfc86173bed918c94375fd56,30822578,2025-10-31T03:11:18.410795,Official DIKSHA platform content
ncert-class-11-physics-part1,,CBSE_IX-XII,diksha_platform,"general_science,physics,chemistry,biology",Unknown,https://diksha.gov.in/,diksha.gov.in,CC BY 4.0,"DIKSHA Platform Team, NCERT, Ministry of Education, Government of India",PDF,diksha-science/content/rrb-ntpc/study-materials/oer/general-science/physics/ncert-class-11-physics-part1.pdf,766196d8d152d36d03659fce03c2f778704762cda1927d8582619a06935df859,113680,2025-10-31T03:11:18.417901,Official DIKSHA platform content
ncert-class-12-physics-part1,,CBSE_IX-XII,diksha_platform,"general_science,physics,chemistry,biology",Unknown,https://diksha.gov.in/,diksha.gov.in,CC BY 4.0,"DIKSHA Platform Team, NCERT, Ministry of Education, Government of India",PDF,diksha-science/content/rrb-ntpc/study-materials/oer/general-science/physics/ncert-class-12-physics-part1.pdf,c7cfef653b76aabc8cf8fa2d94f656e381dd83757a6bf1ead7d7bcdb4632493c,4655303,2025-10-31T03:11:18.424725,Official DIKSHA platform content
ncert-class-10-science,,CBSE_IX-XII,diksha_platform,"general_science,physics,chemistry,biology",Unknown,https://diksha.gov.in/,diksha.gov.in,CC BY 4.0,"DIKSHA Platform Team, NCERT, Ministry of Education, Government of India",PDF,diksha-science/content/rrb-ntpc/study-materials/oer/general-science/science/ncert-class-10-science.pdf,fb04cf19f48fa2efa1e08854640826fffe47f6f6c7a4cbe983754a78dea2054f,16240856,2025-10-31T03:11:18.443637,Official DIKSHA platform content
ncert-class-9-science,,CBSE_IX-XII,diksha_platform,"general_science,physics,chemistry,biology",Unknown,https://diksha.gov.in/,diksha.gov.in,CC BY 4.0,"DIKSHA Platform Team, NCERT, Ministry of Education, Government of India",PDF,diksha-science/content/rrb-ntpc/study-materials/oer/general-science/science/ncert-class-9-science.pdf,1c2aa70e7ea7a4e9d037b2f28c51ea6221ddd44acfc86173bed918c94375fd56,30822578,2025-10-31T03:11:18.474365,Official DIKSHA platform content
ncert-class-11-biology-ch16-hindi,,CBSE_IX-XII,diksha_platform,"general_science,physics,chemistry,biology",Unknown,https://diksha.gov.in/,diksha.gov.in,CC BY 4.0,"DIKSHA Platform Team, NCERT, Ministry of Education, Government of India",PDF,diksha-science/content/rrb-ntpc/study-materials/oer/general-science/biology/hindi/ncert-class-11-biology-ch16-hindi.pdf,9e31efc23e08c3a529e20b4731e3c19238d71fb3364083c58a1176f1e399cd4b,525298,2025-10-31T03:11:18.478188,Official DIKSHA platform content
ncert-class-11-biology-ch16,,CBSE_IX-XII,diksha_platform,"general_science,physics,chemistry,biology",Unknown,https://diksha.gov.in/,diksha.gov.in,CC BY 4.0,"DIKSHA Platform Team, NCERT, Ministry of Education, Government of India",PDF,diksha-science/content/rrb-ntpc/study-materials/oer/general-science/biology/hindi/ncert-class-11-biology-ch16.pdf,9e31efc23e08c3a529e20b4731e3c19238d71fb3364083c58a1176f1e399cd4b,525298,2025-10-31T03:11:18.480974,Official DIKSHA platform content
ncert-class-11-biology-ch17-hindi,,CBSE_IX-XII,diksha_platform,"general_science,physics,chemistry,biology",Unknown,https://diksha.gov.in/,diksha.gov.in,CC BY 4.0,"DIKSHA Platform Team, NCERT, Ministry of Education, Government of India",PDF,diksha-science/content/rrb-ntpc/study-materials/oer/general-science/biology/hindi/ncert-class-11-biology-ch17-hindi.pdf,f1e0e2f27e313be74a995ca7afd551496633b20fb7e8e66e67172ef7b28f5fb6,342701,2025-10-31T03:11:18.483450,Official DIKSHA platform content
ncert-class-11-biology-ch18-hindi,,CBSE_IX-XII,diksha_platform,"general_science,physics,chemistry,biology",Unknown,https://diksha.gov.in/,diksha.gov.in,CC BY 4.0,"DIKSHA Platform Team, NCERT, Ministry of Education, Government of India",PDF,diksha-science/content/rrb-ntpc/study-materials/oer/general-science/biology/hindi/ncert-class-11-biology-ch18-hindi.pdf,d311a24289797829ba377bd86f4537377ce019493d11d26f9bd1cad2247af6ab,1667940,2025-10-31T03:11:18.486269,Official DIKSHA platform content
ncert-class-11-biology-ch2,,CBSE_IX-XII,diksha_platform,"general_science,physics,chemistry,biology",Unknown,https://diksha.gov.in/,diksha.gov.in,CC BY 4.0,"DIKSHA Platform Team, NCERT, Ministry of Education, Government of India",PDF,diksha-science/content/rrb-ntpc/study-materials/oer/general-science/biology/hindi/ncert-class-11-biology-ch2.pdf,488b8496dcae4235307a26c8c1b1a7a2ec9734a78f9b13a4fbb8f74032eff255,1850437,2025-10-31T03:11:18.489266,Official DIKSHA platform content
ncert-class-11-biology-ch8-hindi,,CBSE_IX-XII,diksha_platform,"general_science,physics,chemistry,biology",Unknown,https://diksha.gov.in/,diksha.gov.in,CC BY 4.0,"DIKSHA Platform Team, NCERT, Ministry of Education, Government of India",PDF,diksha-science/content/rrb-ntpc/study-materials/oer/general-science/biology/hindi/ncert-class-11-biology-ch8-hindi.pdf,9cff1c6cded0853377799e8a06bdba58f8a866596c078fbe4b8e09d59f2359b5,4350388,2025-10-31T03:11:18.494839,Official DIKSHA platform content
ncert-class-11-biology-ch8,,CBSE_IX-XII,diksha_platform,"general_science,physics,chemistry,biology",Unknown,https://diksha.gov.in/,diksha.gov.in,CC BY 4.0,"DIKSHA Platform Team, NCERT, Ministry of Education, Government of India",PDF,diksha-science/content/rrb-ntpc/study-materials/oer/general-science/biology/hindi/ncert-class-11-biology-ch8.pdf,9cff1c6cded0853377799e8a06bdba58f8a866596c078fbe4b8e09d59f2359b5,4350388,2025-10-31T03:11:18.500257,Official DIKSHA platform content
ncert-class-11-biology-hindi,,CBSE_IX-XII,diksha_platform,"general_science,physics,chemistry,biology",Unknown,https://diksha.gov.in/,diksha.gov.in,CC BY 4.0,"DIKSHA Platform Team, NCERT, Ministry of Education, Government of India",PDF,diksha-science/content/rrb-ntpc/study-materials/oer/general-science/biology/hindi/ncert-class-11-biology-hindi.pdf,033cc1e2c4602c292a363588a9d5acbbabb81b49c409637e9f83d4dc6ec4ca43,395165,2025-10-31T03:11:18.508654,Official DIKSHA platform content
ncert-class-10-chemistry-ch1,,CBSE_IX-XII,diksha_platform,"general_science,physics,chemistry,biology",Unknown,https://diksha.gov.in/,diksha.gov.in,CC BY 4.0,"DIKSHA Platform Team, NCERT, Ministry of Education, Government of India",PDF,diksha-science/content/rrb-ntpc/study-materials/oer/general-science/chemistry/hindi/ncert-class-10-chemistry-ch1.pdf,30c87e54ec1796a9aa4c0aac557f343f20a38c66babb49b832bba33db3d2a5d4,1813787,2025-10-31T03:11:18.513905,Official DIKSHA platform content
ncert-class-11-chemistry-ch14-hindi,,CBSE_IX-XII,diksha_platform,"general_science,physics,chemistry,biology",Unknown,https://diksha.gov.in/,diksha.gov.in,CC BY 4.0,"DIKSHA Platform Team, NCERT, Ministry of Education, Government of India",PDF,diksha-science/content/rrb-ntpc/study-materials/oer/general-science/chemistry/hindi/ncert-class-11-chemistry-ch14-hindi.pdf,7e434dad679a2494d2ec0a5e2244b618bc94a475f9f4ddebbae2c75955e7d163,5306000,2025-10-31T03:11:18.520035,Official DIKSHA platform content
ncert-class-11-chemistry-ch2-hindi,,CBSE_IX-XII,diksha_platform,"general_science,physics,chemistry,biology",Unknown,https://diksha.gov.in/,diksha.gov.in,CC BY 4.0,"DIKSHA Platform Team, NCERT, Ministry of Education, Government of India",PDF,diksha-science/content/rrb-ntpc/study-materials/oer/general-science/chemistry/hindi/ncert-class-11-chemistry-ch2-hindi.pdf,15b269d82ae5aa9effc3a8159c5ff5c2aba9162702d870e1059f13a950903c44,5968192,2025-10-31T03:11:18.527604,Official DIKSHA platform content
ncert-class-11-chemistry-ch3-hindi,,CBSE_IX-XII,diksha_platform,"general_science,physics,chemistry,biology",Unknown,https://diksha.gov.in/,diksha.gov.in,CC BY 4.0,"DIKSHA Platform Team, NCERT, Ministry of Education, Government of India",PDF,diksha-science/content/rrb-ntpc/study-materials/oer/general-science/chemistry/hindi/ncert-class-11-chemistry-ch3-hindi.pdf,9a2cd7f8d8b6be8cdd0ca2fd5efc22673cbd9c834a4ce50148bf88718a7d3805,2702923,2025-10-31T03:11:18.531367,Official DIKSHA platform content
ncert-class-11-chemistry-ch4-hindi,,CBSE_IX-XII,diksha_platform,"general_science,physics,chemistry,biology",Unknown,https://diksha.gov.in/,diksha.gov.in,CC BY 4.0,"DIKSHA Platform Team, NCERT, Ministry of Education, Government of India",PDF,diksha-science/content/rrb-ntpc/study-materials/oer/general-science/chemistry/hindi/ncert-class-11-chemistry-ch4-hindi.pdf,027ba9f0935463f0ed2ef42d3f051588b747acac8337ba51dd37c3eda21e50f5,8966963,2025-10-31T03:11:18.540609,Official DIKSHA platform content
ncert-class-9-chemistry-ch3,,CBSE_IX-XII,diksha_platform,"general_science,physics,chemistry,biology",Unknown,https://diksha.gov.in/,diksha.gov.in,CC BY 4.0,"DIKSHA Platform Team, NCERT, Ministry of Education, Government of India",PDF,diksha-science/content/rrb-ntpc/study-materials/oer/general-science/chemistry/hindi/ncert-class-9-chemistry-ch3.pdf,2d772f2b093ba7b348359ab8d0ceabaabfb5513c55a6bd07f287fda9ec1d2a95,584542,2025-10-31T03:11:18.543054,Official DIKSHA platform content
ncert-class-12-physics-part1-ch3,,CBSE_IX-XII,diksha_platform,"general_science,physics,chemistry,biology",Unknown,https://diksha.gov.in/,diksha.gov.in,CC BY 4.0,"DIKSHA Platform Team, NCERT, Ministry of Education, Government of India",PDF,diksha-science/content/rrb-ntpc/study-materials/oer/general-science/physics/hindi/ncert-class-12-physics-part1-ch3.pdf,5e4742d81e6cff65a78bba0fdbc55ee5906931ba26abcae3e0e61b4ec8d5ba88,842567,2025-10-31T03:11:18.551002,Official DIKSHA platform content
ncert-class-12-physics-part1-ch4,,CBSE_IX-XII,diksha_platform,"general_science,physics,chemistry,biology",Unknown,https://diksha.gov.in/,diksha.gov.in,CC BY 4.0,"DIKSHA Platform Team, NCERT, Ministry of Education, Government of India",PDF,diksha-science/content/rrb-ntpc/study-materials/oer/general-science/physics/hindi/ncert-class-12-physics-part1-ch4.pdf,14c64e000038f7ec1eda7a1a530261dd57fff507cc200b66e9c4f52bfbd8099c,1246030,2025-10-31T03:11:18.553967,Official DIKSHA platform content
ncert-class-12-physics-part1-ch6,,CBSE_IX-XII,diksha_platform,"general_science,physics,chemistry,biology",Unknown,https://diksha.gov.in/,diksha.gov.in,CC BY 4.0,"DIKSHA Platform Team, NCERT, Ministry of Education, Government of India",PDF,diksha-science/content/rrb-ntpc/study-materials/oer/general-science/physics/hindi/ncert-class-12-physics-part1-ch6.pdf,c5ea3b3db7676515a0ae372779b6361830e52f42e35af0b9fc61c5106aaecda3,1109264,2025-10-31T03:11:18.556850,Official DIKSHA platform content
ncert-class-12-physics-part1-hindi,,CBSE_IX-XII,diksha_platform,"general_science,physics,chemistry,biology",Unknown,https://diksha.gov.in/,diksha.gov.in,CC BY 4.0,"DIKSHA Platform Team, NCERT, Ministry of Education, Government of India",PDF,diksha-science/content/rrb-ntpc/study-materials/oer/general-science/physics/hindi/ncert-class-12-physics-part1-hindi.pdf,a0729077d77e7067aab7816ba6d79667a47c5ff06e443021dcccbacba37da683,2206185,2025-10-31T03:11:18.560658,Official DIKSHA platform content
ncert-class-12-physics-part2-hindi,,CBSE_IX-XII,diksha_platform,"general_science,physics,chemistry,biology",Unknown,https://diksha.gov.in/,diksha.gov.in,CC BY 4.0,"DIKSHA Platform Team, NCERT, Ministry of Education, Government of India",PDF,diksha-science/content/rrb-ntpc/study-materials/oer/general-science/physics/hindi/ncert-class-12-physics-part2-hindi.pdf,1ea74101cd67bacdd7a416df46c94dc548e154b3cbd64ebde814fc2911935d5d,771560,2025-10-31T03:11:18.563218,Official DIKSHA platform content
ncert-class-10-science-hindi,,CBSE_IX-XII,diksha_platform,"general_science,physics,chemistry,biology",Unknown,https://diksha.gov.in/,diksha.gov.in,CC BY 4.0,"DIKSHA Platform Team, NCERT, Ministry of Education, Government of India",PDF,diksha-science/content/rrb-ntpc/study-materials/oer/general-science/science/hindi/ncert-class-10-science-hindi.pdf,7ef523dc39ffd3b5a720c4d19726316e5e285127a8d65d8659aaf6e5c0f1fe75,13471584,2025-10-31T03:11:18.578619,Official DIKSHA platform content
ncert-class-9-science-hindi-ch1,,CBSE_IX-XII,diksha_platform,"general_science,physics,chemistry,biology",Unknown,https://diksha.gov.in/,diksha.gov.in,CC BY 4.0,"DIKSHA Platform Team, NCERT, Ministry of Education, Government of India",PDF,diksha-science/content/rrb-ntpc/study-materials/oer/general-science/science/hindi/ncert-class-9-science-hindi-ch1.pdf,50f47439264cea5487a321e8c933f0ec3d3ff72c3b0e0f867ec45daf6b3fcc47,7692876,2025-10-31T03:11:18.587252,Official DIKSHA platform content
ncert-class-9-science-hindi-ch11,,CBSE_IX-XII,diksha_platform,"general_science,physics,chemistry,biology",Unknown,https://diksha.gov.in/,diksha.gov.in,CC BY 4.0,"DIKSHA Platform Team, NCERT, Ministry of Education, Government of India",PDF,diksha-science/content/rrb-ntpc/study-materials/oer/general-science/science/hindi/ncert-class-9-science-hindi-ch11.pdf,9c627e24dc57013950b88b26fb10bd8193d577a6bd25934c41c6c10a50fc0fb4,257093,2025-10-31T03:11:18.589467,Official DIKSHA platform content
ncert-class-9-science-hindi-ch2,,CBSE_IX-XII,diksha_platform,"general_science,physics,chemistry,biology",Unknown,https://diksha.gov.in/,diksha.gov.in,CC BY 4.0,"DIKSHA Platform Team, NCERT, Ministry of Education, Government of India",PDF,diksha-science/content/rrb-ntpc/study-materials/oer/general-science/science/hindi/ncert-class-9-science-hindi-ch2.pdf,b589fa75d6da8f093caa0542d4d0d4c2a22cad49b4b818dced5f854cbacdda34,1664078,2025-10-31T03:11:18.592498,Official DIKSHA platform content
ncert-class-9-science-hindi-ch3,,CBSE_IX-XII,diksha_platform,"general_science,physics,chemistry,biology",Unknown,https://diksha.gov.in/,diksha.gov.in,CC BY 4.0,"DIKSHA Platform Team, NCERT, Ministry of Education, Government of India",PDF,diksha-science/content/rrb-ntpc/study-materials/oer/general-science/science/hindi/ncert-class-9-science-hindi-ch3.pdf,2d772f2b093ba7b348359ab8d0ceabaabfb5513c55a6bd07f287fda9ec1d2a95,584542,2025-10-31T03:11:18.594570,Official DIKSHA platform content
ncert-class-9-science-hindi-ch4,,CBSE_IX-XII,diksha_platform,"general_science,physics,chemistry,biology",Unknown,https://diksha.gov.in/,diksha.gov.in,CC BY 4.0,"DIKSHA Platform Team, NCERT, Ministry of Education, Government of India",PDF,diksha-science/content/rrb-ntpc/study-materials/oer/general-science/science/hindi/ncert-class-9-science-hindi-ch4.pdf,e0f4598f6c76a5e70092d0b5d9e913ba78abe9decb0aaaa9eaaa73db2cabf088,254078,2025-10-31T03:11:18.596706,Official DIKSHA platform content
ncert-class-9-science-hindi-ch8,,CBSE_IX-XII,diksha_platform,"general_science,physics,chemistry,biology",Unknown,https://diksha.gov.in/,diksha.gov.in,CC BY 4.0,"DIKSHA Platform Team, NCERT, Ministry of Education, Government of India",PDF,diksha-science/content/rrb-ntpc/study-materials/oer/general-science/science/hindi/ncert-class-9-science-hindi-ch8.pdf,c0e0522c32dcb0b8d5b5b2368781b7687be0ab549be50efa310b2c70908ae690,601475,2025-10-31T03:11:18.598876,Official DIKSHA platform content
Oliveboard_ImportantMathQuestions_RRBNTPC,,Competitive Exam,practice_sets,"mathematics,practice_questions",Unknown,,local_file,Unknown,,PDF,practice-math/important-mathematics-questions/Oliveboard_ImportantMathQuestions_RRBNTPC.pdf,fd7c2ef1d40e084cf90e05fe4ba8c4db047fb292adcd6a205b18e21b9b7f62be,448406,2025-10-31T03:11:18.618617,Content type: Practice Sets
Cracku_Interest_metadata,,Competitive Exam,practice_sets,"mathematics,practice_questions",Unknown,,local_file,Unknown,,JSON,practice-math/metadata/Cracku_Interest_metadata.json,fe1f719a7f265a82c7d879adc5b52928bc90932da334cd0df67e199db1701c08,1526,2025-10-31T03:11:18.622213,Content type: Practice Sets
Cracku_NumberSystem_metadata,,Competitive Exam,practice_sets,"mathematics,practice_questions",Unknown,,local_file,Unknown,,JSON,practice-math/metadata/Cracku_NumberSystem_metadata.json,811fe830b455297c4ad3e580b728b91d32b750c742f27bf124f1bccbd7a9edc5,1312,2025-10-31T03:11:18.624006,Content type: Practice Sets
Oliveboard_ImportantMathQuestions_metadata,,Competitive Exam,practice_sets,"mathematics,practice_questions",Unknown,,local_file,Unknown,,JSON,practice-math/metadata/Oliveboard_ImportantMathQuestions_metadata.json,431f5112a601d62b449005db04ea283b901e8d0ad7a0bacf03d9fbd384e0d4f2,2907,2025-10-31T03:11:18.625984,Content type: Practice Sets
comprehensive_metadata,,Competitive Exam,practice_sets,"mathematics,practice_questions",Unknown,,local_file,Unknown,,JSON,practice-math/metadata/comprehensive_metadata.json,fabe520125eec200562e278d7e7735696b4dce6f1f8a6bab4abff7a4e366f145,4344,2025-10-31T03:11:18.627813,Content type: Practice Sets
Cracku_NumberSystemsQuestions_RRBNTPC,,Competitive Exam,practice_sets,"mathematics,practice_questions",Unknown,,local_file,Unknown,,PDF,practice-math/number-system/Cracku_NumberSystemsQuestions_RRBNTPC.pdf,8be46a27351c9fcf369c44fda67200af554b6d26cee44bd72f076fe36801fd9d,88783,2025-10-31T03:11:18.630835,Content type: Practice Sets
JagranJosh_CBT1_2021_Jan4_Shift1,2021,Competitive Exam,practice_sets,"mathematics,practice_questions",Unknown,,local_file,Unknown,,PDF,practice-math/previous-year-papers/JagranJosh_CBT1_2021_Jan4_Shift1.pdf,e3b0c44298fc1c149afbf4c8996fb92427ae41e4649b934ca495991b7852b855,0,2025-10-31T03:11:18.633772,Content type: Practice Sets
JagranJosh_CBT2_2017_Jan17_Shift1,2017,Competitive Exam,practice_sets,"mathematics,practice_questions",Unknown,,local_file,Unknown,,PDF,practice-math/previous-year-papers/JagranJosh_CBT2_2017_Jan17_Shift1.pdf,890b19783a95e725dbcb3742d047da64cd277e9c5697fba185326c28416030cb,72805,2025-10-31T03:11:18.635901,Content type: Practice Sets
Cracku_SimpleCompoundInterestQuestions_RRBNTPC,,Competitive Exam,practice_sets,"mathematics,practice_questions",Unknown,,local_file,Unknown,,PDF,practice-math/simple-compound-interest/Cracku_SimpleCompoundInterestQuestions_RRBNTPC.pdf,c9fcc6fcb599388bd32133c52e9995541c36e777171f3cdd2e297c3bae13b6e2,88880,2025-10-31T03:11:18.640307,Content type: Practice Sets
DOWNLOAD_COMPLETION_SUMMARY,,Competitive Exam,practice_sets,"logical_reasoning,practice_questions",Unknown,,local_file,Unknown,,Markdown,practice-reasoning/DOWNLOAD_COMPLETION_SUMMARY.md,4152228973a17afbbd041ee69152dd8f5774dfcbf155376e7db97815e208d6a2,22921,2025-10-31T03:11:18.650912,Content type: Practice Sets
freshersnow_rrb_general_intelligence_questions,,Competitive Exam,practice_sets,"logical_reasoning,practice_questions",Unknown,,local_file,Unknown,,PDF,practice-reasoning/01_logical-reasoning/freshersnow_rrb_general_intelligence_questions.pdf,e3b0c44298fc1c149afbf4c8996fb92427ae41e4649b934ca495991b7852b855,0,2025-10-31T03:11:18.654571,Content type: Practice Sets
ssc_study_shortcuts_in_reasoning,,Competitive Exam,practice_sets,"logical_reasoning,practice_questions",Unknown,,local_file,Unknown,,PDF,practice-reasoning/02_verbal-reasoning/ssc_study_shortcuts_in_reasoning.pdf,2b90cfec1d05e1cc5567658ebcfba65e2f2c2f42a02451f85390e12dc7b14867,129595,2025-10-31T03:11:18.658110,Content type: Practice Sets
meritnotes_rrb_reasoning_questions_1,,Competitive Exam,practice_sets,"logical_reasoning,practice_questions",Unknown,,local_file,Unknown,,PDF,practice-reasoning/03_non-verbal-reasoning/meritnotes_rrb_reasoning_questions_1.pdf,8910eb73ebf55f7d11d0a9bcd8658ecb8dd4169f0fab622fee43dc2131c405da,43465,2025-10-31T03:11:18.660522,Content type: Practice Sets
shortcuts_in_reasoning_ssc_study,,Competitive Exam,practice_sets,"logical_reasoning,practice_questions",Unknown,,local_file,Unknown,,PDF,practice-reasoning/comprehensive-shortcuts/shortcuts_in_reasoning_ssc_study.pdf,bf5a8f6eaab6be8c5af8c64ef6414509ad6d1a715c3be6018b0e48f88b3bea99,4891386,2025-10-31T03:11:18.668782,Content type: Practice Sets
comprehensive_metadata,,Competitive Exam,practice_sets,"logical_reasoning,practice_questions",Unknown,,local_file,Unknown,,JSON,practice-reasoning/metadata/comprehensive_metadata.json,b544d145215a404483322208b426805104ca72ce029aee50fa24e0634caf914c,28264,2025-10-31T03:11:18.672586,Content type: Practice Sets
sources_catalog,,Competitive Exam,practice_sets,"logical_reasoning,practice_questions",Unknown,,local_file,Unknown,,JSON,practice-reasoning/metadata/sources_catalog.json,9428cc934f72fb0d25f67c9f888cd9962a6054bbfd510d760c016f031e0b896f,11231,2025-10-31T03:11:18.675702,Content type: Practice Sets
ibps_guide_gi_reasoning_01,,Competitive Exam,practice_sets,"logical_reasoning,practice_questions",Unknown,,local_file,Unknown,,PDF,practice-reasoning/topic-wise/logical-reasoning/ibps_guide_gi_reasoning_01.pdf,7e25c37d40feb6dbd267f2286c1e9c33d90c5369fde67ba0cbee261c8599e801,330235,2025-10-31T03:11:18.687084,Content type: Practice Sets
ibps_guide_gi_reasoning_02,,Competitive Exam,practice_sets,"logical_reasoning,practice_questions",Unknown,,local_file,Unknown,,PDF,practice-reasoning/topic-wise/logical-reasoning/ibps_guide_gi_reasoning_02.pdf,972d9ad89c0d7fc602778e496fd8b5f0221dbac962d29f4f0554f8a29466811c,539639,2025-10-31T03:11:18.690029,Content type: Practice Sets
ibps_guide_gi_reasoning_03,,Competitive Exam,practice_sets,"logical_reasoning,practice_questions",Unknown,,local_file,Unknown,,PDF,practice-reasoning/topic-wise/logical-reasoning/ibps_guide_gi_reasoning_03.pdf,eda4d2f00ae458418f8e3e6760de685b182182597a73f572c4408603b1d52280,492346,2025-10-31T03:11:18.692468,Content type: Practice Sets
ibps_guide_gi_reasoning_04,,Competitive Exam,practice_sets,"logical_reasoning,practice_questions",Unknown,,local_file,Unknown,,PDF,practice-reasoning/topic-wise/logical-reasoning/ibps_guide_gi_reasoning_04.pdf,4d359d0176a3a937a3fd7abb12353355989e340cbe4dde47322445c02a6ee327,496190,2025-10-31T03:11:18.694954,Content type: Practice Sets
ibps_guide_gi_reasoning_05,,Competitive Exam,practice_sets,"logical_reasoning,practice_questions",Unknown,,local_file,Unknown,,PDF,practice-reasoning/topic-wise/logical-reasoning/ibps_guide_gi_reasoning_05.pdf,796cf11beb1b3ad6f97910d777dee2962a765d78d63256a71840c497889bd25c,463614,2025-10-31T03:11:18.697241,Content type: Practice Sets
ibps_guide_gi_reasoning_06,,Competitive Exam,practice_sets,"logical_reasoning,practice_questions",Unknown,,local_file,Unknown,,PDF,practice-reasoning/topic-wise/logical-reasoning/ibps_guide_gi_reasoning_06.pdf,1e063a6894202f2e5eacf74b104974e37fa969e2f5710bdbb8f552c2c0e7ad6d,501715,2025-10-31T03:11:18.699699,Content type: Practice Sets
ibps_guide_gi_reasoning_07,,Competitive Exam,practice_sets,"logical_reasoning,practice_questions",Unknown,,local_file,Unknown,,PDF,practice-reasoning/topic-wise/logical-reasoning/ibps_guide_gi_reasoning_07.pdf,3ddd4c57643ecadb85d2a312898e7004a05fbb94de47b41eea13d3717e7eb005,501871,2025-10-31T03:11:18.702021,Content type: Practice Sets
ibps_guide_gi_reasoning_08,,Competitive Exam,practice_sets,"logical_reasoning,practice_questions",Unknown,,local_file,Unknown,,PDF,practice-reasoning/topic-wise/logical-reasoning/ibps_guide_gi_reasoning_08.pdf,5dbeb2e8cb14d674466043699911337ecbfcce5b3780d091a61b0ccb3c26d459,477753,2025-10-31T03:11:18.704724,Content type: Practice Sets
ibps_guide_gi_reasoning_09,,Competitive Exam,practice_sets,"logical_reasoning,practice_questions",Unknown,,local_file,Unknown,,PDF,practice-reasoning/topic-wise/logical-reasoning/ibps_guide_gi_reasoning_09.pdf,126b8420d591a155720e0e9c63dc72c17f8ca6ddef820945ea97ec55d06ebeeb,457420,2025-10-31T03:11:18.706942,Content type: Practice Sets
ibps_guide_gi_reasoning_10,,Competitive Exam,practice_sets,"logical_reasoning,practice_questions",Unknown,,local_file,Unknown,,PDF,practice-reasoning/topic-wise/logical-reasoning/ibps_guide_gi_reasoning_10.pdf,cacc6561d1cb73f904c548c8c8e74b8116f418bdd0687ba186f94a8214e2fb9e,403314,2025-10-31T03:11:18.709714,Content type: Practice Sets
ibps_guide_gi_reasoning_11,,Competitive Exam,practice_sets,"logical_reasoning,practice_questions",Unknown,,local_file,Unknown,,PDF,practice-reasoning/topic-wise/logical-reasoning/ibps_guide_gi_reasoning_11.pdf,0114a5b448c9ea3bf2b7286ac6a1d37cc5161596a971c1397631c2f61e11fdd5,435306,2025-10-31T03:11:18.712064,Content type: Practice Sets
ibps_guide_gi_reasoning_12,,Competitive Exam,practice_sets,"logical_reasoning,practice_questions",Unknown,,local_file,Unknown,,PDF,practice-reasoning/topic-wise/logical-reasoning/ibps_guide_gi_reasoning_12.pdf,2b2b4d5355b9edc79e952af7e5181c85214b91135728e96c2c52d4dec584c82b,602636,2025-10-31T03:11:18.714486,Content type: Practice Sets
ibps_guide_gi_reasoning_13,,Competitive Exam,practice_sets,"logical_reasoning,practice_questions",Unknown,,local_file,Unknown,,PDF,practice-reasoning/topic-wise/logical-reasoning/ibps_guide_gi_reasoning_13.pdf,2b2b4d5355b9edc79e952af7e5181c85214b91135728e96c2c52d4dec584c82b,602636,2025-10-31T03:11:18.717122,Content type: Practice Sets
RRB_Materials_Download_Summary,,Competitive Exam,practice_sets,"general_awareness,practice_questions",Unknown,,local_file,Unknown,,Markdown,practice-ga/RRB_Materials_Download_Summary.md,e338f824839b0f1f6c84fef0a51b00ba3ce22b926c701807d4e1b3c5ada94ad3,3096,2025-10-31T03:11:18.722504,Content type: Practice Sets
collection_completion_report,,Competitive Exam,practice_sets,"general_awareness,practice_questions",Unknown,,local_file,Unknown,,Markdown,practice-ga/collection_completion_report.md,f5973f047e2caf9c3af74d93f1d748b413dea96720748ccf7b0165d5a6ec88ce,11268,2025-10-31T03:11:18.723892,Content type: Practice Sets
current_affairs_01_august_2025,2025,Competitive Exam,practice_sets,"general_awareness,practice_questions",Unknown,,local_file,Unknown,,Text,practice-ga/current_affairs_01_august_2025.txt,a1179f868c1e71ecab56ffe0190be9f41598e5a9511caad2e77e33bbbfb9763c,6414,2025-10-31T03:11:18.725052,Content type: Practice Sets
final_downloaded_materials_inventory,,Competitive Exam,practice_sets,"general_awareness,practice_questions",Unknown,,local_file,Unknown,,Markdown,practice-ga/final_downloaded_materials_inventory.md,7cf14af4eee2b3de59a1acb64f638a40417d4606298ebabda33a9ace18f8b585,46773,2025-10-31T03:11:18.726115,Content type: Practice Sets
final_materials_summary,,Competitive Exam,practice_sets,"general_awareness,practice_questions",Unknown,,local_file,Unknown,,Markdown,practice-ga/final_materials_summary.md,90285e18ae05a1f36cc0931a495bb13a31b3a1252bb3f00192a0ad8c96320bbd,34478,2025-10-31T03:11:18.727087,Content type: Practice Sets
final_project_completion_report,,Competitive Exam,practice_sets,"general_awareness,practice_questions",Unknown,,local_file,Unknown,,Markdown,practice-ga/final_project_completion_report.md,442e721d52dcc9cce04c1cce8d76cab8f097c5ad106c2beac5c52685b7da8cf6,13608,2025-10-31T03:11:18.728140,Content type: Practice Sets
quick_access_guide,,Competitive Exam,practice_sets,"general_awareness,practice_questions",Unknown,,local_file,Unknown,,Markdown,practice-ga/quick_access_guide.md,743aa70b087a626836017d79e6d4731d4ec61c0d2dd2b9e373f80ccb7506663f,2650,2025-10-31T03:11:18.729108,Content type: Practice Sets
railway_capsule_research_summary,,Competitive Exam,practice_sets,"general_awareness,practice_questions",Unknown,,local_file,Unknown,,Markdown,practice-ga/railway_capsule_research_summary.md,1b93250ca03fea603cce423a8a9d7d6b68d0a34c26e36a49fa73f6ea2a045c6c,5824,2025-10-31T03:11:18.729998,Content type: Practice Sets
licensing_and_redistribution_policy,,Competitive Exam,practice_sets,"general_awareness,practice_questions",Unknown,,local_file,Unknown,,Markdown,practice-ga/compliance/licensing_and_redistribution_policy.md,7cdaf88ab8ca94a06b3fbdc7917561e9ba801b1f98524372a7076059a9e47555,7462,2025-10-31T03:11:18.733945,Content type: Practice Sets
Formatted-ga-questions-asked-in-ntpc,,Competitive Exam,practice_sets,"general_awareness,practice_questions",Unknown,,local_file,Unknown,,PDF,practice-ga/current-affairs/Formatted-ga-questions-asked-in-ntpc.pdf,0bb4f86cb535dcfa246f73ab7ac9e9953f0a65b87158ff518e07c0d6c203ea49,629919,2025-10-31T03:11:18.737507,Content type: Practice Sets
adda247_current_affairs_100_questions,,Competitive Exam,practice_sets,"general_awareness,practice_questions",Unknown,,local_file,Unknown,,PDF,practice-ga/current-affairs/adda247_current_affairs_100_questions.pdf,78d1a9827da2ca46b11acae9c07d07f718c6e1326df6c67f253ed2458cd11780,308159,2025-10-31T03:11:18.740133,Content type: Practice Sets
current_affairs_practice_set_01,,Competitive Exam,practice_sets,"general_awareness,practice_questions",Unknown,,local_file,Unknown,,Markdown,practice-ga/current-affairs/current_affairs_practice_set_01.md,481a217a9d9183a9006f56ef5c2cc23301eb26f246dabb8e417472742ca0f333,9525,2025-10-31T03:11:18.742262,Content type: Practice Sets
download_summary,,Competitive Exam,practice_sets,"general_awareness,practice_questions",Unknown,,local_file,Unknown,,Markdown,practice-ga/current-affairs/download_summary.md,bcbed48d9eeb50d696b4a4b129739390b9ac176776fae608fb99a024b8b99226,3670,2025-10-31T03:11:18.744038,Content type: Practice Sets
practiceMock_500_current_affairs,,Competitive Exam,practice_sets,"general_awareness,practice_questions",Unknown,,local_file,Unknown,,PDF,practice-ga/current-affairs/practiceMock_500_current_affairs.pdf,da557e1ac0c4110b0f031eccbb56a5c6424909363d60944bc04e9c32cb2b6d20,129767,2025-10-31T03:11:18.746071,Content type: Practice Sets
practiceMock_500_current_affairs_2025,2025,Competitive Exam,practice_sets,"general_awareness,practice_questions",Unknown,,local_file,Unknown,,PDF,practice-ga/current-affairs/practiceMock_500_current_affairs_2025.pdf,1b79a41954eb2877ab622a393cb82980e2a01f98cad71487e702aaa072208111,29922,2025-10-31T03:11:18.748092,Content type: Practice Sets
economy_practice_set_01,,Competitive Exam,practice_sets,"general_awareness,practice_questions",Unknown,,local_file,Unknown,,Markdown,practice-ga/economy/economy_practice_set_01.md,0189d91584d0f3683139f1fd3140cf3250900319854c92204aeef00a54e4a270,10371,2025-10-31T03:11:18.750342,Content type: Practice Sets
practice_sets_ntpc_stage2,,Competitive Exam,practice_sets,"general_awareness,practice_questions",Unknown,,local_file,Unknown,,PDF,practice-ga/economy/practice_sets_ntpc_stage2.pdf,441dc3c36baa3be0b15fa23596f43c21b4fb394edf2751fe7433e11664ba4544,89582,2025-10-31T03:11:18.752241,Content type: Practice Sets
railway_ntpc_economy_one_liners,,Competitive Exam,practice_sets,"general_awareness,practice_questions",Unknown,,local_file,Unknown,,PDF,practice-ga/economy/railway_ntpc_economy_one_liners.pdf,d5b70facea73462cf24f3ae2d336b4b4acd6b6e065df900151f70aeaa00c8f32,42401,2025-10-31T03:11:18.754623,Content type: Practice Sets
rrb_group_d_economy_25_questions,,Competitive Exam,practice_sets,"general_awareness,practice_questions",Unknown,,local_file,Unknown,,PDF,practice-ga/economy/rrb_group_d_economy_25_questions.pdf,2737ecac1ea3f826160d65a6745cade28f58c683c84edaa9843c61533af98515,88778,2025-10-31T03:11:18.756452,Content type: Practice Sets
geography_practice_set_01,,Competitive Exam,practice_sets,"general_awareness,practice_questions",Unknown,,local_file,Unknown,,Markdown,practice-ga/geography/geography_practice_set_01.md,5d92514dd398d633870b70e52cda0aafff432e520a1ccc2742e6517e4c61456b,6063,2025-10-31T03:11:18.758575,Content type: Practice Sets
rrb_guide_hindi,,Competitive Exam,practice_sets,"general_awareness,practice_questions",Unknown,,local_file,Unknown,,PDF,practice-ga/geography/rrb_guide_hindi.pdf,f5431afa6fe8717355f99775f1d1ddbcc9d48d4d893145d5e4f99f7d898a3b84,89499,2025-10-31T03:11:18.760425,Content type: Practice Sets
rrb_ntpc_geography_100_questions,,Competitive Exam,practice_sets,"general_awareness,practice_questions",Unknown,,local_file,Unknown,,PDF,practice-ga/geography/rrb_ntpc_geography_100_questions.pdf,03f0180d2a41da758f91859a170600784cea0f5869d22e6b0fb8bf5c1f6c3b03,88755,2025-10-31T03:11:18.762335,Content type: Practice Sets
general_science_railways,,Competitive Exam,practice_sets,"general_awareness,practice_questions",Unknown,,local_file,Unknown,,PDF,practice-ga/history/general_science_railways.pdf,f275ea15b24028b5ed72d5922c8cd245f85141a26a858695b2aface3fb094cf8,88678,2025-10-31T03:11:18.764750,Content type: Practice Sets
indian_history_practice_set_01,,Competitive Exam,practice_sets,"general_awareness,practice_questions",Unknown,,local_file,Unknown,,Markdown,practice-ga/indian-history/indian_history_practice_set_01.md,7f01d235985ed658ec7fd2af3020ba1e7c93dc05b466e5ffd65dea33936dbb05,5120,2025-10-31T03:11:18.767202,Content type: Practice Sets
comprehensive_material_index,,Competitive Exam,practice_sets,"general_awareness,practice_questions",Unknown,,local_file,Unknown,,Markdown,practice-ga/metadata/comprehensive_material_index.md,46a8b491718ad2dd0e7be055366f6e10a4b48df7f11e02c2eb10605fd8ad2254,14399,2025-10-31T03:11:18.769775,Content type: Practice Sets
download_guide_by_source,,Competitive Exam,practice_sets,"general_awareness,practice_questions",Unknown,,local_file,Unknown,,Markdown,practice-ga/metadata/download_guide_by_source.md,9ba581ea1262d9ba711180c42f58e40abacf3d61a1f85ee715f69dec418db2a8,9961,2025-10-31T03:11:18.772000,Content type: Practice Sets
source_catalog_and_coverage,,Competitive Exam,practice_sets,"general_awareness,practice_questions",Unknown,,local_file,Unknown,,Markdown,practice-ga/metadata/source_catalog_and_coverage.md,ab90ceceef3397fd73ad0a0a783ed084b462a8307b98ded774c1f27ad5cd3c57,6890,2025-10-31T03:11:18.774018,Content type: Practice Sets
syllabus_mapping_compliance,,Competitive Exam,practice_sets,"general_awareness,practice_questions",Unknown,,local_file,Unknown,,Markdown,practice-ga/metadata/syllabus_mapping_compliance.md,7b9dc17186a3e9387c319aee1ad85cae31a1bb9866a17cfa1d618df8abb5ed48,12527,2025-10-31T03:11:18.775755,Content type: Practice Sets
testbook_rrb_ntpc_syllabus_2024,2024,Competitive Exam,practice_sets,"general_awareness,practice_questions",Unknown,,local_file,Unknown,,PDF,practice-ga/metadata/testbook_rrb_ntpc_syllabus_2024.pdf,620242a9faefadff1bfa2966cb8938768308360ad5d16ffe4a77d52ee231ddd6,2543375,2025-10-31T03:11:18.780023,Content type: Practice Sets
polity_practice_set_01,,Competitive Exam,practice_sets,"general_awareness,practice_questions",Unknown,,local_file,Unknown,,Markdown,practice-ga/polity/polity_practice_set_01.md,2ab25ed4cf8f634683bc40d39ee424786c89d200a640f35c84dbaea14c61a22e,7080,2025-10-31T03:11:18.782587,Content type: Practice Sets
rrb_ntpc_book_solved_papers,,Competitive Exam,practice_sets,"general_awareness,practice_questions",Unknown,,local_file,Unknown,,PDF,practice-ga/polity/rrb_ntpc_book_solved_papers.pdf,04cbc4017ac2f1cc4404917568add590c68fa085137123ed1ed863ef195e197a,128946,2025-10-31T03:11:18.784595,Content type: Practice Sets
rrb_ntpc_polity_governance_questions,,Competitive Exam,practice_sets,"general_awareness,practice_questions",Unknown,,local_file,Unknown,,PDF,practice-ga/polity/rrb_ntpc_polity_governance_questions.pdf,5031305e44831f341c76d2638c94ac9b86c68c4f3bafdd5ec6c693f83498fce7,88776,2025-10-31T03:11:18.786701,Content type: Practice Sets
researchgate_rrb_general_science,,Competitive Exam,practice_sets,"general_awareness,practice_questions",Unknown,,local_file,Unknown,,PDF,practice-ga/science-technology/researchgate_rrb_general_science.pdf,0bb4f86cb535dcfa246f73ab7ac9e9953f0a65b87158ff518e07c0d6c203ea49,629919,2025-10-31T03:11:18.791332,Content type: Practice Sets
science_technology_practice_set_01,,Competitive Exam,practice_sets,"general_awareness,practice_questions",Unknown,,local_file,Unknown,,Markdown,practice-ga/science-technology/science_technology_practice_set_01.md,0e3739b6408d1477fa51b4e6dac129147bc396f590e733c0d4a969b5631ab12c,7969,2025-10-31T03:11:18.793251,Content type: Practice Sets
README,,Competitive Exam,practice_sets,"general_awareness,practice_questions",Unknown,,local_file,Unknown,,Markdown,practice-ga/static-gk/README.md,45a4121095c1b57fbf46865ec176c540a5bb3efce9dcdfc6a6bf07849fba05d4,1697,2025-10-31T03:11:18.796065,Content type: Practice Sets
adda247_ga_questions_ntpc,,Competitive Exam,practice_sets,"general_awareness,practice_questions",Unknown,,local_file,Unknown,,PDF,practice-ga/static-gk/adda247_ga_questions_ntpc.pdf,0bb4f86cb535dcfa246f73ab7ac9e9953f0a65b87158ff518e07c0d6c203ea49,629919,2025-10-31T03:11:18.798653,Content type: Practice Sets
static_gk_practice_set_01,,Competitive Exam,practice_sets,"general_awareness,practice_questions",Unknown,,local_file,Unknown,,Markdown,practice-ga/static-gk/static_gk_practice_set_01.md,c57939430930343844a18ddef4c38396c457c2ca39f0d8eb21302c7f80e6098b,7470,2025-10-31T03:11:18.800574,Content type: Practice Sets
yctfastbook_rrb_gk,,Competitive Exam,practice_sets,"general_awareness,practice_questions",Unknown,,local_file,Unknown,,PDF,practice-ga/static-gk/yctfastbook_rrb_gk.pdf,2315c42ec0725c517dac694d0c94fe16aca6300c7cf3a99e3bb2f70dc3dfb771,567682,2025-10-31T03:11:18.803117,Content type: Practice Sets
RRB_NTPC_CBT1_2020_Dec28_Shift1_ExamCart.metadata,2020,Competitive Exam,official_documents,"rrb_notifications,examination_materials",Unknown,,rrb*.gov.in,Unknown,,JSON,portal-downloads/CBT1/2020/RRB_NTPC_CBT1_2020_Dec28_Shift1_ExamCart.metadata.json,04f02cfc66e51c2512db4373ab6b02801524b03e311ebcb4b83c70fc792f1b63,1195,2025-10-31T03:11:18.832249,Official RRB portal content
RRB_NTPC_CBT1_2020_Dec28_Shift1_ExamCart,2020,Competitive Exam,official_documents,"rrb_notifications,examination_materials",Unknown,,rrb*.gov.in,Unknown,,PDF,portal-downloads/CBT1/2020/RRB_NTPC_CBT1_2020_Dec28_Shift1_ExamCart.pdf,2267e63dbe1eb09a79a13541eb9ca6c47fbc2337b998a44104b9d9fe636f28c3,12248567,2025-10-31T03:11:18.845485,Official RRB portal content
RRB_NTPC_CBT1_2021_Jan04_Shift2_ExamCart.metadata,2021,Competitive Exam,official_documents,"rrb_notifications,examination_materials",Unknown,,rrb*.gov.in,Unknown,,JSON,portal-downloads/CBT1/2021/RRB_NTPC_CBT1_2021_Jan04_Shift2_ExamCart.metadata.json,e516e38b024c59adab18283550672ac1f51f18f5fa300f99cb3ffbd6aecc0f41,1191,2025-10-31T03:11:18.847631,Official RRB portal content
RRB_NTPC_CBT1_2021_Jan04_Shift2_ExamCart,2021,Competitive Exam,official_documents,"rrb_notifications,examination_materials",Unknown,,rrb*.gov.in,Unknown,,PDF,portal-downloads/CBT1/2021/RRB_NTPC_CBT1_2021_Jan04_Shift2_ExamCart.pdf,c39954cd4b867324ae940ba897ff13a99b2dff0a5cede38f556e04ea9c0bf620,12328125,2025-10-31T03:11:18.861286,Official RRB portal content
RRB_NTPC_CBT1_2024_June06_Shift2_Prepp.metadata,2024,Competitive Exam,official_documents,"rrb_notifications,examination_materials",Unknown,,rrb*.gov.in,Unknown,,JSON,portal-downloads/CBT1/2024/RRB_NTPC_CBT1_2024_June06_Shift2_Prepp.metadata.json,72ed11e75860300af9e464b85152daf8b53a0e843e83f6b55fbc7f49e1776782,1208,2025-10-31T03:11:18.864600,Official RRB portal content
RRB_NTPC_CBT1_2024_June06_Shift2_Prepp,2024,Competitive Exam,official_documents,"rrb_notifications,examination_materials",Unknown,,rrb*.gov.in,Unknown,,PDF,portal-downloads/CBT1/2024/RRB_NTPC_CBT1_2024_June06_Shift2_Prepp.pdf,5cd8b238874bbfac57d02a5969e6c571e989fbf712211b61662319f6f7138aa6,513122,2025-10-31T03:11:18.867563,Official RRB portal content
RRB_NTPC_CBT2_2017_Jan17_Shift1_ExamCart.metadata,2017,Competitive Exam,official_documents,"rrb_notifications,examination_materials",Unknown,,rrb*.gov.in,Unknown,,JSON,portal-downloads/CBT2/2017/RRB_NTPC_CBT2_2017_Jan17_Shift1_ExamCart.metadata.json,24d0f8efc8d9367343ce03995e3e22e61e89cbbc75c35cf5981033830bab2d43,1202,2025-10-31T03:11:18.876018,Official RRB portal content
RRB_NTPC_CBT2_2017_Jan17_Shift1_ExamCart,2017,Competitive Exam,official_documents,"rrb_notifications,examination_materials",Unknown,,rrb*.gov.in,Unknown,,PDF,portal-downloads/CBT2/2017/RRB_NTPC_CBT2_2017_Jan17_Shift1_ExamCart.pdf,ddd4733dd00757f2f677dc28792943186e5226117eb4dfd767e9cde460cccd34,2960852,2025-10-31T03:11:18.881313,Official RRB portal content
RRB_NTPC_CBT2_2022_May09_Shift1_Level6_ExamCart.metadata,2022,Competitive Exam,official_documents,"rrb_notifications,examination_materials",Unknown,,rrb*.gov.in,Unknown,,JSON,portal-downloads/CBT2/2022/RRB_NTPC_CBT2_2022_May09_Shift1_Level6_ExamCart.metadata.json,a0214b3d7820d1cf7f9654db3912d8fcb48e05572fd7b68d2b4b3dd105be02d6,1252,2025-10-31T03:11:18.885296,Official RRB portal content
RRB_NTPC_CBT2_2022_May09_Shift1_Level6_ExamCart,2022,Competitive Exam,official_documents,"rrb_notifications,examination_materials",Unknown,,rrb*.gov.in,Unknown,,PDF,portal-downloads/CBT2/2022/RRB_NTPC_CBT2_2022_May09_Shift1_Level6_ExamCart.pdf,ef52fea025914d5bcb2b215208591b4e9c1200c04002549cf0960f052be8653b,4998213,2025-10-31T03:11:18.891618,Official RRB portal content
CEN_05_2025_JE_English,2025,Competitive Exam,study_materials,general,Unknown,,local_file,Unknown,,PDF,downloads/CEN_05_2025_JE_English.pdf,2f64db59b775d787ad39c9214d9e408556f93413ca9ef4acb4c1d97b0bae07e6,3436374,2025-10-31T03:11:18.902652,Downloaded study materials
ibps_guide_gi_reasoning_01,,Competitive Exam,study_materials,logical_reasoning,Unknown,,local_file,Unknown,,PDF,downloads/ibps_guide_gi_reasoning_01.pdf,7e25c37d40feb6dbd267f2286c1e9c33d90c5369fde67ba0cbee261c8599e801,330235,2025-10-31T03:11:18.903895,Downloaded study materials
ibps_guide_gi_reasoning_03,,Competitive Exam,study_materials,logical_reasoning,Unknown,,local_file,Unknown,,PDF,downloads/ibps_guide_gi_reasoning_03.pdf,eda4d2f00ae458418f8e3e6760de685b182182597a73f572c4408603b1d52280,492346,2025-10-31T03:11:18.905503,Downloaded study materials
ibps_guide_gi_reasoning_04,,Competitive Exam,study_materials,logical_reasoning,Unknown,,local_file,Unknown,,PDF,downloads/ibps_guide_gi_reasoning_04.pdf,4d359d0176a3a937a3fd7abb12353355989e340cbe4dde47322445c02a6ee327,496190,2025-10-31T03:11:18.906987,Downloaded study materials
ibps_guide_gi_reasoning_07,,Competitive Exam,study_materials,logical_reasoning,Unknown,,local_file,Unknown,,PDF,downloads/ibps_guide_gi_reasoning_07.pdf,3ddd4c57643ecadb85d2a312898e7004a05fbb94de47b41eea13d3717e7eb005,501871,2025-10-31T03:11:18.908439,Downloaded study materials
ibps_guide_gi_reasoning_08,,Competitive Exam,study_materials,logical_reasoning,Unknown,,local_file,Unknown,,PDF,downloads/ibps_guide_gi_reasoning_08.pdf,5dbeb2e8cb14d674466043699911337ecbfcce5b3780d091a61b0ccb3c26d459,477753,2025-10-31T03:11:18.909813,Downloaded study materials
ibps_guide_gi_reasoning_09,,Competitive Exam,study_materials,logical_reasoning,Unknown,,local_file,Unknown,,PDF,downloads/ibps_guide_gi_reasoning_09.pdf,126b8420d591a155720e0e9c63dc72c17f8ca6ddef820945ea97ec55d06ebeeb,457420,2025-10-31T03:11:18.911151,Downloaded study materials
ibps_guide_gi_reasoning_10,,Competitive Exam,study_materials,logical_reasoning,Unknown,,local_file,Unknown,,PDF,downloads/ibps_guide_gi_reasoning_10.pdf,cacc6561d1cb73f904c548c8c8e74b8116f418bdd0687ba186f94a8214e2fb9e,403314,2025-10-31T03:11:18.912425,Downloaded study materials
ibps_guide_gi_reasoning_11,,Competitive Exam,study_materials,logical_reasoning,Unknown,,local_file,Unknown,,PDF,downloads/ibps_guide_gi_reasoning_11.pdf,0114a5b448c9ea3bf2b7286ac6a1d37cc5161596a971c1397631c2f61e11fdd5,435306,2025-10-31T03:11:18.913850,Downloaded study materials
ibps_guide_gi_reasoning_12,,Competitive Exam,study_materials,logical_reasoning,Unknown,,local_file,Unknown,,PDF,downloads/ibps_guide_gi_reasoning_12.pdf,2b2b4d5355b9edc79e952af7e5181c85214b91135728e96c2c52d4dec584c82b,602636,2025-10-31T03:11:18.915412,Downloaded study materials
ssc_study_rrb_practice_set_english,,Competitive Exam,study_materials,general,Unknown,,local_file,Unknown,,PDF,downloads/ssc_study_rrb_practice_set_english.pdf,3d366a11c8e07aa0e5a6b6be998d859ad828e6c98974a01f477d8c426c9a9d19,89610,2025-10-31T03:11:18.916532,Downloaded study materials
cen__2025__CBT__je-dms-cma__en__rrbbhopal.gov,2025,Competitive Exam,study_materials,general,English,,local_file,Unknown,,PDF,downloads/rrb-ntpc/previous-papers/CBT1/2025/cen__2025__CBT__je-dms-cma__en__rrbbhopal.gov.pdf,2f64db59b775d787ad39c9214d9e408556f93413ca9ef4acb4c1d97b0bae07e6,3436374,2025-10-31T03:11:18.936030,Downloaded study materials
faq__2025__CBT__normalization__en__rrbbhopal.gov,2025,Competitive Exam,study_materials,general,English,,local_file,Unknown,,PDF,downloads/rrb-ntpc/previous-papers/CBT1/2025/faq__2025__CBT__normalization__en__rrbbhopal.gov.pdf,da94c0b4aa7be82fdb9ee5ca0b01db176f978320c9a05592e1c330a500ba23c1,82566,2025-10-31T03:11:18.938474,Downloaded study materials
notice__2025__CBT__email-correspondence__en__rrbbhopal.gov,2025,Competitive Exam,study_materials,general,English,,local_file,Unknown,,PDF,downloads/rrb-ntpc/previous-papers/CBT1/2025/notice__2025__CBT__email-correspondence__en__rrbbhopal.gov.pdf,e27cfc818999d46ddb2e8ef4111e3887fe396c7b88c0172ddedddf90e1963729,651294,2025-10-31T03:11:18.941594,Downloaded study materials
notice__2025__CBT__railway-recruitment-warning__en__rrbbhopal.gov,2025,Competitive Exam,study_materials,general,English,,local_file,Unknown,,PDF,downloads/rrb-ntpc/previous-papers/CBT1/2025/notice__2025__CBT__railway-recruitment-warning__en__rrbbhopal.gov.pdf,c0a7a6d9b107a171f8baa73d6140e30a87cfb095474329c55f9549a813b098a8,476892,2025-10-31T03:11:18.943840,Downloaded study materials
RRB Mumbai,,RRB NTPC,government_portals,"rrb_examination,government_source",English and Hindi,https://www.rrbmumbai.gov.in/ntpc.php,www.rrbmumbai.gov.in,Government Official,Railway Recruitment Board Mumbai,Web Portal,govt-repos/RRB_Mumbai,,0,2025-10-31T03:11:18.969945,"Government authority verification: Comprehensive NTPC examination portal with detailed results, question paper access, and examination notices"
RRB Ahmedabad,,RRB NTPC,government_portals,"rrb_examination,government_source",English and Hindi,https://rrbahmedabad.gov.in/,rrbahmedabad.gov.in,Government Official,Railway Recruitment Board Ahmedabad,Web Portal,govt-repos/RRB_Ahmedabad,,0,2025-10-31T03:11:18.969978,"Government authority verification: Extensive NTPC documentation with detailed employment notices, FAQs, mock tests, and examination schedules"
RRB Bhopal,,RRB NTPC,government_portals,"rrb_examination,government_source",English and Hindi,https://rrbbhopal.gov.in/,rrbbhopal.gov.in,Government Official,Railway Recruitment Board Bhopal,Web Portal,govt-repos/RRB_Bhopal,,0,2025-10-31T03:11:18.969998,Government authority verification: Official RRB Bhopal portal with NTPC examination information and question paper access
RRB Patna,,RRB NTPC,government_portals,"rrb_examination,government_source",English and Hindi,https://www.rrbpatna.gov.in/,www.rrbpatna.gov.in,Government Official,Railway Recruitment Board Patna,Web Portal,govt-repos/RRB_Patna,,0,2025-10-31T03:11:18.970015,"Government authority verification: Comprehensive RRB Patna portal with extensive NTPC examination results, question paper access, and document verification"
RRB Guwahati,,RRB NTPC,government_portals,"rrb_examination,government_source",English and Hindi,https://www.rrbguwahati.gov.in/,www.rrbguwahati.gov.in,Government Official,Railway Recruitment Board Guwahati,Web Portal,govt-repos/RRB_Guwahati,,0,2025-10-31T03:11:18.970030,Government authority verification: Official RRB Guwahati portal with general NTPC information and examination results publishing reports
Archive.org (Internet Archive),,RRB NTPC,government_portals,"rrb_examination,government_source",English,https://archive.org/stream/rrb-ntpc-question-paper-2021-pdf-in-english/,archive.org,Government Official,Internet Archive (Non-Government),Web Portal,govt-repos/Archive.org_(Internet_Archive),,0,2025-10-31T03:11:18.970048,Government authority verification: Historical Archive containing scanned RRB materials - Non-government but historical preservation
Railway Board Portal,,RRB NTPC,government_portals,"rrb_examination,government_source",English,https://indianrailways.gov.in/,indianrailways.gov.in,Government Official,Ministry of Railways,Web Portal,govt-repos/Railway_Board_Portal,,0,2025-10-31T03:11:18.970062,Government authority verification: Official Ministry of Railways portal with general railway recruitment information
