original_path,filename,language,category,source,target_path,operation,file_type,size_bytes,confidence,detection_method
/workspace/diksha-math/study-materials/oer/mathematics/english/cbse_class8_math.pdf,cbse_class8_math.pdf,en,study-materials,/workspace/diksha-math/study-materials/oer/mathematics,/workspace/bilingual-org/content/rrb-ntpc/language/en/study-materials/mathematics,copy,.pdf,4832768,low,default
/workspace/diksha-math/study-materials/oer/mathematics/english/algebra/ncert_class8_algebra.pdf,ncert_class8_algebra.pdf,en,study-materials,/workspace/diksha-math/study-materials/oer/mathematics,/workspace/bilingual-org/content/rrb-ntpc/language/en/study-materials/mathematics,copy,.pdf,11672181,high,path
/workspace/diksha-math/study-materials/oer/mathematics/english/algebra/ncert_class9_polynomials.pdf,ncert_class9_polynomials.pdf,en,study-materials,/workspace/diksha-math/study-materials/oer/mathematics,/workspace/bilingual-org/content/rrb-ntpc/language/en/study-materials/mathematics,copy,.pdf,1460255,high,path
/workspace/diksha-math/study-materials/oer/mathematics/english/geometry/diksha_practical_geometry_class8.txt,diksha_practical_geometry_class8.txt,en,study-materials,/workspace/diksha-math/study-materials/oer/mathematics,/workspace/bilingual-org/content/rrb-ntpc/language/en/study-materials/mathematics,copy,.txt,73147,high,path
/workspace/diksha-math/study-materials/oer/mathematics/english/geometry/practical_geometry_class7.pdf,practical_geometry_class7.pdf,en,study-materials,/workspace/diksha-math/study-materials/oer/mathematics,/workspace/bilingual-org/content/rrb-ntpc/language/en/study-materials/mathematics,copy,.pdf,1514431,high,path
/workspace/diksha-math/study-materials/oer/mathematics/english/geometry/practical_geometry_class8.pdf,practical_geometry_class8.pdf,en,study-materials,/workspace/diksha-math/study-materials/oer/mathematics,/workspace/bilingual-org/content/rrb-ntpc/language/en/study-materials/mathematics,copy,.pdf,1514431,high,path
/workspace/diksha-math/study-materials/oer/mathematics/english/mensuration/introduction_to_graphs_ncert.pdf,introduction_to_graphs_ncert.pdf,en,study-materials,/workspace/diksha-math/study-materials/oer/mathematics,/workspace/bilingual-org/content/rrb-ntpc/language/en/study-materials/mathematics,copy,.pdf,126976,high,path
/workspace/diksha-math/study-materials/oer/mathematics/english/mensuration/practical_geometry_class8_complete.pdf,practical_geometry_class8_complete.pdf,en,study-materials,/workspace/diksha-math/study-materials/oer/mathematics,/workspace/bilingual-org/content/rrb-ntpc/language/en/study-materials/mathematics,copy,.pdf,400133,high,path
/workspace/diksha-math/study-materials/oer/mathematics/english/mensuration/tripura_class8_workbook.pdf,tripura_class8_workbook.pdf,en,study-materials,/workspace/diksha-math/study-materials/oer/mathematics,/workspace/bilingual-org/content/rrb-ntpc/language/en/study-materials/mathematics,copy,.pdf,207958,high,path
/workspace/diksha-math/study-materials/oer/mathematics/english/number-system/cbse_class8_math_textbook.pdf,cbse_class8_math_textbook.pdf,en,study-materials,/workspace/diksha-math/study-materials/oer/mathematics,/workspace/bilingual-org/content/rrb-ntpc/language/en/study-materials/mathematics,copy,.pdf,207792,high,path
/workspace/diksha-math/study-materials/oer/mathematics/english/number-system/cbse_class8_mathematics.pdf,cbse_class8_mathematics.pdf,en,study-materials,/workspace/diksha-math/study-materials/oer/mathematics,/workspace/bilingual-org/content/rrb-ntpc/language/en/study-materials/mathematics,copy,.pdf,14272922,high,path
/workspace/diksha-math/study-materials/oer/mathematics/english/number-system/ncert_class8_complete_textbook.pdf,ncert_class8_complete_textbook.pdf,en,study-materials,/workspace/diksha-math/study-materials/oer/mathematics,/workspace/bilingual-org/content/rrb-ntpc/language/en/study-materials/mathematics,copy,.pdf,207792,high,path
/workspace/diksha-math/study-materials/oer/mathematics/english/number-system/ncert_class8_math.pdf,ncert_class8_math.pdf,en,study-materials,/workspace/diksha-math/study-materials/oer/mathematics,/workspace/bilingual-org/content/rrb-ntpc/language/en/study-materials/mathematics,copy,.pdf,11672181,high,path
/workspace/diksha-math/study-materials/oer/mathematics/english/number-system/ncert_class8_mathematics.pdf,ncert_class8_mathematics.pdf,en,study-materials,/workspace/diksha-math/study-materials/oer/mathematics,/workspace/bilingual-org/content/rrb-ntpc/language/en/study-materials/mathematics,copy,.pdf,11672181,high,path
/workspace/diksha-math/study-materials/oer/mathematics/english/number-system/ncert_class8_number_system.pdf,ncert_class8_number_system.pdf,en,study-materials,/workspace/diksha-math/study-materials/oer/mathematics,/workspace/bilingual-org/content/rrb-ntpc/language/en/study-materials/mathematics,copy,.pdf,11672181,high,path
/workspace/diksha-math/study-materials/oer/mathematics/english/number-system/ncert_class9_number_systems.pdf,ncert_class9_number_systems.pdf,en,study-materials,/workspace/diksha-math/study-materials/oer/mathematics,/workspace/bilingual-org/content/rrb-ntpc/language/en/study-materials/mathematics,copy,.pdf,1970372,high,path
/workspace/diksha-math/study-materials/oer/mathematics/english/number-system/rational_numbers_ncert_chapter.pdf,rational_numbers_ncert_chapter.pdf,en,study-materials,/workspace/diksha-math/study-materials/oer/mathematics,/workspace/bilingual-org/content/rrb-ntpc/language/en/study-materials/mathematics,copy,.pdf,126976,high,path
/workspace/diksha-math/study-materials/oer/mathematics/english/ratio-proportion/direct_inverse_proportions_ncert.pdf,direct_inverse_proportions_ncert.pdf,en,study-materials,/workspace/diksha-math/study-materials/oer/mathematics,/workspace/bilingual-org/content/rrb-ntpc/language/en/study-materials/mathematics,copy,.pdf,111104,high,path
/workspace/diksha-math/study-materials/oer/mathematics/english/statistics/ncert_class8_statistics.pdf,ncert_class8_statistics.pdf,en,study-materials,/workspace/diksha-math/study-materials/oer/mathematics,/workspace/bilingual-org/content/rrb-ntpc/language/en/study-materials/mathematics,copy,.pdf,11672181,high,path
/workspace/diksha-math/study-materials/oer/mathematics/english/trigonometry/ncert_class10_trigonometry.pdf,ncert_class10_trigonometry.pdf,en,study-materials,/workspace/diksha-math/study-materials/oer/mathematics,/workspace/bilingual-org/content/rrb-ntpc/language/en/study-materials/mathematics,copy,.pdf,996975,high,path
/workspace/diksha-reasoning/README.md,README.md,en,study-materials,/workspace/diksha-reasoning,/workspace/bilingual-org/content/rrb-ntpc/language/en/study-materials/diksha-reasoning,copy,.md,34789,medium,content
/workspace/diksha-reasoning/documentation/navigation_guide.md,navigation_guide.md,en,study-materials,/workspace/diksha-reasoning,/workspace/bilingual-org/content/rrb-ntpc/language/en/study-materials/diksha-reasoning,copy,.md,38800,medium,content
/workspace/diksha-reasoning/downloaded_content/logical_reasoning/IMO_Class_4_Logical_Reasoning_Sample_Paper.pdf,IMO_Class_4_Logical_Reasoning_Sample_Paper.pdf,en,study-materials,/workspace/diksha-reasoning,/workspace/bilingual-org/content/rrb-ntpc/language/en/study-materials/diksha-reasoning,copy,.pdf,477783,low,default
/workspace/diksha-reasoning/downloaded_content/non_verbal_reasoning/Non_Verbal_Reasoning_Practice_Test_1.pdf,Non_Verbal_Reasoning_Practice_Test_1.pdf,en,study-materials,/workspace/diksha-reasoning,/workspace/bilingual-org/content/rrb-ntpc/language/en/study-materials/diksha-reasoning,copy,.pdf,1266236,low,default
/workspace/diksha-reasoning/downloaded_content/verbal_reasoning/coding_decoding/SSC_CGL_Sample_Reasoning.pdf,SSC_CGL_Sample_Reasoning.pdf,en,study-materials,/workspace/diksha-reasoning,/workspace/bilingual-org/content/rrb-ntpc/language/en/study-materials/diksha-reasoning,copy,.pdf,4990092,low,default
/workspace/diksha-reasoning/metadata/content_inventory.json,content_inventory.json,en,study-materials,/workspace/diksha-reasoning,/workspace/bilingual-org/content/rrb-ntpc/language/en/study-materials/diksha-reasoning,copy,.json,7233,medium,content
/workspace/diksha-reasoning/metadata/cross_reference_syllabus.md,cross_reference_syllabus.md,en,study-materials,/workspace/diksha-reasoning,/workspace/bilingual-org/content/rrb-ntpc/language/en/study-materials/diksha-reasoning,copy,.md,13257,medium,content
/workspace/diksha-science/content/rrb-ntpc/study-materials/oer/general-science/biology/ncert-class-11-biology.pdf,ncert-class-11-biology.pdf,en,study-materials,/workspace/diksha-science,/workspace/bilingual-org/content/rrb-ntpc/language/en/study-materials/diksha-science,copy,.pdf,55978,medium,content
/workspace/diksha-science/content/rrb-ntpc/study-materials/oer/general-science/biology/hindi/ncert-class-11-biology-ch16-hindi.pdf,ncert-class-11-biology-ch16-hindi.pdf,hi,study-materials,/workspace/diksha-science,/workspace/bilingual-org/content/rrb-ntpc/language/hi/study-materials/diksha-science,copy,.pdf,525298,medium,filename
/workspace/diksha-science/content/rrb-ntpc/study-materials/oer/general-science/biology/hindi/ncert-class-11-biology-ch16.pdf,ncert-class-11-biology-ch16.pdf,en,study-materials,/workspace/diksha-science,/workspace/bilingual-org/content/rrb-ntpc/language/en/study-materials/diksha-science,copy,.pdf,525298,low,default
/workspace/diksha-science/content/rrb-ntpc/study-materials/oer/general-science/biology/hindi/ncert-class-11-biology-ch17-hindi.pdf,ncert-class-11-biology-ch17-hindi.pdf,hi,study-materials,/workspace/diksha-science,/workspace/bilingual-org/content/rrb-ntpc/language/hi/study-materials/diksha-science,copy,.pdf,342701,medium,filename
/workspace/diksha-science/content/rrb-ntpc/study-materials/oer/general-science/biology/hindi/ncert-class-11-biology-ch18-hindi.pdf,ncert-class-11-biology-ch18-hindi.pdf,hi,study-materials,/workspace/diksha-science,/workspace/bilingual-org/content/rrb-ntpc/language/hi/study-materials/diksha-science,copy,.pdf,1667940,medium,filename
/workspace/diksha-science/content/rrb-ntpc/study-materials/oer/general-science/biology/hindi/ncert-class-11-biology-ch2.pdf,ncert-class-11-biology-ch2.pdf,en,study-materials,/workspace/diksha-science,/workspace/bilingual-org/content/rrb-ntpc/language/en/study-materials/diksha-science,copy,.pdf,1850437,low,default
/workspace/diksha-science/content/rrb-ntpc/study-materials/oer/general-science/biology/hindi/ncert-class-11-biology-ch8-hindi.pdf,ncert-class-11-biology-ch8-hindi.pdf,hi,study-materials,/workspace/diksha-science,/workspace/bilingual-org/content/rrb-ntpc/language/hi/study-materials/diksha-science,copy,.pdf,4350388,medium,filename
/workspace/diksha-science/content/rrb-ntpc/study-materials/oer/general-science/biology/hindi/ncert-class-11-biology-ch8.pdf,ncert-class-11-biology-ch8.pdf,en,study-materials,/workspace/diksha-science,/workspace/bilingual-org/content/rrb-ntpc/language/en/study-materials/diksha-science,copy,.pdf,4350388,low,default
/workspace/diksha-science/content/rrb-ntpc/study-materials/oer/general-science/biology/hindi/ncert-class-11-biology-hindi.pdf,ncert-class-11-biology-hindi.pdf,hi,study-materials,/workspace/diksha-science,/workspace/bilingual-org/content/rrb-ntpc/language/hi/study-materials/diksha-science,copy,.pdf,395165,medium,filename
/workspace/diksha-science/content/rrb-ntpc/study-materials/oer/general-science/chemistry/ncert-class-11-chemistry-part1.pdf,ncert-class-11-chemistry-part1.pdf,en,study-materials,/workspace/diksha-science,/workspace/bilingual-org/content/rrb-ntpc/language/en/study-materials/diksha-science,copy,.pdf,113652,low,default
/workspace/diksha-science/content/rrb-ntpc/study-materials/oer/general-science/chemistry/ncert-class-9-science.pdf,ncert-class-9-science.pdf,en,study-materials,/workspace/diksha-science,/workspace/bilingual-org/content/rrb-ntpc/language/en/study-materials/diksha-science,copy,.pdf,30822578,low,default
/workspace/diksha-science/content/rrb-ntpc/study-materials/oer/general-science/chemistry/hindi/ncert-class-10-chemistry-ch1.pdf,ncert-class-10-chemistry-ch1.pdf,en,study-materials,/workspace/diksha-science,/workspace/bilingual-org/content/rrb-ntpc/language/en/study-materials/diksha-science,copy,.pdf,1813787,low,default
/workspace/diksha-science/content/rrb-ntpc/study-materials/oer/general-science/chemistry/hindi/ncert-class-11-chemistry-ch14-hindi.pdf,ncert-class-11-chemistry-ch14-hindi.pdf,hi,study-materials,/workspace/diksha-science,/workspace/bilingual-org/content/rrb-ntpc/language/hi/study-materials/diksha-science,copy,.pdf,5306000,medium,filename
/workspace/diksha-science/content/rrb-ntpc/study-materials/oer/general-science/chemistry/hindi/ncert-class-11-chemistry-ch2-hindi.pdf,ncert-class-11-chemistry-ch2-hindi.pdf,hi,study-materials,/workspace/diksha-science,/workspace/bilingual-org/content/rrb-ntpc/language/hi/study-materials/diksha-science,copy,.pdf,5968192,medium,filename
/workspace/diksha-science/content/rrb-ntpc/study-materials/oer/general-science/chemistry/hindi/ncert-class-11-chemistry-ch3-hindi.pdf,ncert-class-11-chemistry-ch3-hindi.pdf,hi,study-materials,/workspace/diksha-science,/workspace/bilingual-org/content/rrb-ntpc/language/hi/study-materials/diksha-science,copy,.pdf,2702923,medium,filename
/workspace/diksha-science/content/rrb-ntpc/study-materials/oer/general-science/chemistry/hindi/ncert-class-11-chemistry-ch4-hindi.pdf,ncert-class-11-chemistry-ch4-hindi.pdf,hi,study-materials,/workspace/diksha-science,/workspace/bilingual-org/content/rrb-ntpc/language/hi/study-materials/diksha-science,copy,.pdf,8966963,medium,filename
/workspace/diksha-science/content/rrb-ntpc/study-materials/oer/general-science/chemistry/hindi/ncert-class-9-chemistry-ch3.pdf,ncert-class-9-chemistry-ch3.pdf,en,study-materials,/workspace/diksha-science,/workspace/bilingual-org/content/rrb-ntpc/language/en/study-materials/diksha-science,copy,.pdf,584542,low,default
/workspace/diksha-science/content/rrb-ntpc/study-materials/oer/general-science/physics/ncert-class-11-physics-part1.pdf,ncert-class-11-physics-part1.pdf,en,study-materials,/workspace/diksha-science,/workspace/bilingual-org/content/rrb-ntpc/language/en/study-materials/diksha-science,copy,.pdf,113680,low,default
/workspace/diksha-science/content/rrb-ntpc/study-materials/oer/general-science/physics/ncert-class-12-physics-part1.pdf,ncert-class-12-physics-part1.pdf,en,study-materials,/workspace/diksha-science,/workspace/bilingual-org/content/rrb-ntpc/language/en/study-materials/diksha-science,copy,.pdf,4655303,low,default
/workspace/diksha-science/content/rrb-ntpc/study-materials/oer/general-science/physics/hindi/ncert-class-12-physics-part1-ch3.pdf,ncert-class-12-physics-part1-ch3.pdf,en,study-materials,/workspace/diksha-science,/workspace/bilingual-org/content/rrb-ntpc/language/en/study-materials/diksha-science,copy,.pdf,842567,low,default
/workspace/diksha-science/content/rrb-ntpc/study-materials/oer/general-science/physics/hindi/ncert-class-12-physics-part1-ch4.pdf,ncert-class-12-physics-part1-ch4.pdf,en,study-materials,/workspace/diksha-science,/workspace/bilingual-org/content/rrb-ntpc/language/en/study-materials/diksha-science,copy,.pdf,1246030,low,default
/workspace/diksha-science/content/rrb-ntpc/study-materials/oer/general-science/physics/hindi/ncert-class-12-physics-part1-ch6.pdf,ncert-class-12-physics-part1-ch6.pdf,en,study-materials,/workspace/diksha-science,/workspace/bilingual-org/content/rrb-ntpc/language/en/study-materials/diksha-science,copy,.pdf,1109264,low,default
/workspace/diksha-science/content/rrb-ntpc/study-materials/oer/general-science/physics/hindi/ncert-class-12-physics-part1-hindi.pdf,ncert-class-12-physics-part1-hindi.pdf,hi,study-materials,/workspace/diksha-science,/workspace/bilingual-org/content/rrb-ntpc/language/hi/study-materials/diksha-science,copy,.pdf,2206185,medium,filename
/workspace/diksha-science/content/rrb-ntpc/study-materials/oer/general-science/physics/hindi/ncert-class-12-physics-part2-hindi.pdf,ncert-class-12-physics-part2-hindi.pdf,hi,study-materials,/workspace/diksha-science,/workspace/bilingual-org/content/rrb-ntpc/language/hi/study-materials/diksha-science,copy,.pdf,771560,medium,filename
/workspace/diksha-science/content/rrb-ntpc/study-materials/oer/general-science/science/ncert-class-10-science.pdf,ncert-class-10-science.pdf,en,study-materials,/workspace/diksha-science,/workspace/bilingual-org/content/rrb-ntpc/language/en/study-materials/diksha-science,copy,.pdf,16240856,low,default
/workspace/diksha-science/content/rrb-ntpc/study-materials/oer/general-science/science/ncert-class-9-science.pdf,ncert-class-9-science.pdf,en,study-materials,/workspace/diksha-science,/workspace/bilingual-org/content/rrb-ntpc/language/en/study-materials/diksha-science,copy,.pdf,30822578,low,default
/workspace/diksha-science/content/rrb-ntpc/study-materials/oer/general-science/science/hindi/ncert-class-10-science-hindi.pdf,ncert-class-10-science-hindi.pdf,hi,study-materials,/workspace/diksha-science,/workspace/bilingual-org/content/rrb-ntpc/language/hi/study-materials/diksha-science,copy,.pdf,13471584,medium,filename
/workspace/diksha-science/content/rrb-ntpc/study-materials/oer/general-science/science/hindi/ncert-class-9-science-hindi-ch1.pdf,ncert-class-9-science-hindi-ch1.pdf,hi,study-materials,/workspace/diksha-science,/workspace/bilingual-org/content/rrb-ntpc/language/hi/study-materials/diksha-science,copy,.pdf,7692876,medium,filename
/workspace/diksha-science/content/rrb-ntpc/study-materials/oer/general-science/science/hindi/ncert-class-9-science-hindi-ch11.pdf,ncert-class-9-science-hindi-ch11.pdf,hi,study-materials,/workspace/diksha-science,/workspace/bilingual-org/content/rrb-ntpc/language/hi/study-materials/diksha-science,copy,.pdf,257093,medium,filename
/workspace/diksha-science/content/rrb-ntpc/study-materials/oer/general-science/science/hindi/ncert-class-9-science-hindi-ch2.pdf,ncert-class-9-science-hindi-ch2.pdf,hi,study-materials,/workspace/diksha-science,/workspace/bilingual-org/content/rrb-ntpc/language/hi/study-materials/diksha-science,copy,.pdf,1664078,medium,filename
/workspace/diksha-science/content/rrb-ntpc/study-materials/oer/general-science/science/hindi/ncert-class-9-science-hindi-ch3.pdf,ncert-class-9-science-hindi-ch3.pdf,hi,study-materials,/workspace/diksha-science,/workspace/bilingual-org/content/rrb-ntpc/language/hi/study-materials/diksha-science,copy,.pdf,584542,medium,filename
/workspace/diksha-science/content/rrb-ntpc/study-materials/oer/general-science/science/hindi/ncert-class-9-science-hindi-ch4.pdf,ncert-class-9-science-hindi-ch4.pdf,hi,study-materials,/workspace/diksha-science,/workspace/bilingual-org/content/rrb-ntpc/language/hi/study-materials/diksha-science,copy,.pdf,254078,medium,filename
/workspace/diksha-science/content/rrb-ntpc/study-materials/oer/general-science/science/hindi/ncert-class-9-science-hindi-ch8.pdf,ncert-class-9-science-hindi-ch8.pdf,hi,study-materials,/workspace/diksha-science,/workspace/bilingual-org/content/rrb-ntpc/language/hi/study-materials/diksha-science,copy,.pdf,601475,medium,filename
/workspace/diksha-ga/CONTINUATION_LOG.md,CONTINUATION_LOG.md,en,study-materials,/workspace/diksha-ga,/workspace/bilingual-org/content/rrb-ntpc/language/en/study-materials/diksha-ga,copy,.md,2104,medium,content
/workspace/diksha-ga/DIKSHA_GA_FINAL_REPORT.md,DIKSHA_GA_FINAL_REPORT.md,en,study-materials,/workspace/diksha-ga,/workspace/bilingual-org/content/rrb-ntpc/language/en/study-materials/diksha-ga,copy,.md,9653,medium,content
/workspace/diksha-ga/DIKSHA_PROJECT_SUMMARY.md,DIKSHA_PROJECT_SUMMARY.md,en,study-materials,/workspace/diksha-ga,/workspace/bilingual-org/content/rrb-ntpc/language/en/study-materials/diksha-ga,copy,.md,37064,medium,content
/workspace/diksha-ga/FINAL_COMPLETION_REPORT.md,FINAL_COMPLETION_REPORT.md,en,study-materials,/workspace/diksha-ga,/workspace/bilingual-org/content/rrb-ntpc/language/en/study-materials/diksha-ga,copy,.md,16215,medium,content
/workspace/diksha-ga/PROJECT_COMPLETION_FINAL.md,PROJECT_COMPLETION_FINAL.md,en,study-materials,/workspace/diksha-ga,/workspace/bilingual-org/content/rrb-ntpc/language/en/study-materials/diksha-ga,copy,.md,13963,medium,content
/workspace/diksha-ga/current-affairs/sports/National_Sports_Awards_2025.pdf,National_Sports_Awards_2025.pdf,en,study-materials,/workspace/diksha-ga,/workspace/bilingual-org/content/rrb-ntpc/language/en/study-materials/diksha-ga,copy,.pdf,50437,medium,content
/workspace/diksha-ga/economy/ncert-class10-economics.pdf,ncert-class10-economics.pdf,en,study-materials,/workspace/diksha-ga,/workspace/bilingual-org/content/rrb-ntpc/language/en/study-materials/diksha-ga,copy,.pdf,1957206,low,default
/workspace/diksha-ga/economy/ncert-class11-indian-economic-development.pdf,ncert-class11-indian-economic-development.pdf,en,study-materials,/workspace/diksha-ga,/workspace/bilingual-org/content/rrb-ntpc/language/en/study-materials/diksha-ga,copy,.pdf,3984283,low,default
/workspace/diksha-ga/economy/ncert-class12-macroeconomics.pdf,ncert-class12-macroeconomics.pdf,en,study-materials,/workspace/diksha-ga,/workspace/bilingual-org/content/rrb-ntpc/language/en/study-materials/diksha-ga,copy,.pdf,2808759,low,default
/workspace/diksha-ga/economy/ncert-class12-microeconomics.pdf,ncert-class12-microeconomics.pdf,en,study-materials,/workspace/diksha-ga,/workspace/bilingual-org/content/rrb-ntpc/language/en/study-materials/diksha-ga,copy,.pdf,2491609,low,default
/workspace/diksha-ga/economy/ncert-class9-economics-complete.pdf,ncert-class9-economics-complete.pdf,en,study-materials,/workspace/diksha-ga,/workspace/bilingual-org/content/rrb-ntpc/language/en/study-materials/diksha-ga,copy,.pdf,5008673,low,default
/workspace/diksha-ga/economy/ncert-class9-economics.pdf,ncert-class9-economics.pdf,en,study-materials,/workspace/diksha-ga,/workspace/bilingual-org/content/rrb-ntpc/language/en/study-materials/diksha-ga,copy,.pdf,5008673,low,default
/workspace/diksha-ga/geography/indian/ncert-class10-geography.pdf,ncert-class10-geography.pdf,en,study-materials,/workspace/diksha-ga,/workspace/bilingual-org/content/rrb-ntpc/language/en/study-materials/diksha-ga,copy,.pdf,8476189,low,default
/workspace/diksha-ga/geography/indian/ncert-class11-india-physical-environment.pdf,ncert-class11-india-physical-environment.pdf,en,study-materials,/workspace/diksha-ga,/workspace/bilingual-org/content/rrb-ntpc/language/en/study-materials/diksha-ga,copy,.pdf,5656418,low,default
/workspace/diksha-ga/geography/indian/ncert-class12-india-people-economy.pdf,ncert-class12-india-people-economy.pdf,en,study-materials,/workspace/diksha-ga,/workspace/bilingual-org/content/rrb-ntpc/language/en/study-materials/diksha-ga,copy,.pdf,4535849,low,default
/workspace/diksha-ga/geography/indian/ncert-class9-geography-1.pdf,ncert-class9-geography-1.pdf,en,study-materials,/workspace/diksha-ga,/workspace/bilingual-org/content/rrb-ntpc/language/en/study-materials/diksha-ga,copy,.pdf,5059481,low,default
/workspace/diksha-ga/geography/physical/ncert-class11-geography-practical.pdf,ncert-class11-geography-practical.pdf,en,study-materials,/workspace/diksha-ga,/workspace/bilingual-org/content/rrb-ntpc/language/en/study-materials/diksha-ga,copy,.pdf,8818297,low,default
/workspace/diksha-ga/geography/physical/ncert-class11-physical-geography.pdf,ncert-class11-physical-geography.pdf,en,study-materials,/workspace/diksha-ga,/workspace/bilingual-org/content/rrb-ntpc/language/en/study-materials/diksha-ga,copy,.pdf,6714677,low,default
/workspace/diksha-ga/geography/physical/ncert-class6-geography.pdf,ncert-class6-geography.pdf,en,study-materials,/workspace/diksha-ga,/workspace/bilingual-org/content/rrb-ntpc/language/en/study-materials/diksha-ga,copy,.pdf,24231787,low,default
/workspace/diksha-ga/geography/physical/ncert-class7-our-environment.pdf,ncert-class7-our-environment.pdf,en,study-materials,/workspace/diksha-ga,/workspace/bilingual-org/content/rrb-ntpc/language/en/study-materials/diksha-ga,copy,.pdf,27951478,low,default
/workspace/diksha-ga/geography/physical/ncert-class8-resources-development.pdf,ncert-class8-resources-development.pdf,en,study-materials,/workspace/diksha-ga,/workspace/bilingual-org/content/rrb-ntpc/language/en/study-materials/diksha-ga,copy,.pdf,15380205,low,default
/workspace/diksha-ga/geography/world/ncert-class12-human-geography.pdf,ncert-class12-human-geography.pdf,en,study-materials,/workspace/diksha-ga,/workspace/bilingual-org/content/rrb-ntpc/language/en/study-materials/diksha-ga,copy,.pdf,9822539,low,default
/workspace/diksha-ga/indian-history/ancient/ncert-class12-themes-indian-history-1.pdf,ncert-class12-themes-indian-history-1.pdf,en,study-materials,/workspace/diksha-ga,/workspace/bilingual-org/content/rrb-ntpc/language/en/study-materials/diksha-ga,copy,.pdf,174473,low,default
/workspace/diksha-ga/indian-history/ancient/ncert-class6-our-pasts-1.pdf,ncert-class6-our-pasts-1.pdf,en,study-materials,/workspace/diksha-ga,/workspace/bilingual-org/content/rrb-ntpc/language/en/study-materials/diksha-ga,copy,.pdf,174557,low,default
/workspace/diksha-ga/indian-history/medieval/ncert-class12-themes-indian-history-2.pdf,ncert-class12-themes-indian-history-2.pdf,en,study-materials,/workspace/diksha-ga,/workspace/bilingual-org/content/rrb-ntpc/language/en/study-materials/diksha-ga,copy,.pdf,174473,low,default
/workspace/diksha-ga/indian-history/medieval/ncert-class7-our-pasts-2.pdf,ncert-class7-our-pasts-2.pdf,en,study-materials,/workspace/diksha-ga,/workspace/bilingual-org/content/rrb-ntpc/language/en/study-materials/diksha-ga,copy,.pdf,174571,low,default
/workspace/diksha-ga/indian-history/modern/ncert-class10-india-contemporary-world-2.pdf,ncert-class10-india-contemporary-world-2.pdf,en,study-materials,/workspace/diksha-ga,/workspace/bilingual-org/content/rrb-ntpc/language/en/study-materials/diksha-ga,copy,.pdf,7390788,low,default
/workspace/diksha-ga/indian-history/modern/ncert-class11-themes-world-history.pdf,ncert-class11-themes-world-history.pdf,en,study-materials,/workspace/diksha-ga,/workspace/bilingual-org/content/rrb-ntpc/language/en/study-materials/diksha-ga,copy,.pdf,3826129,low,default
/workspace/diksha-ga/indian-history/modern/ncert-class12-themes-indian-history-3.pdf,ncert-class12-themes-indian-history-3.pdf,en,study-materials,/workspace/diksha-ga,/workspace/bilingual-org/content/rrb-ntpc/language/en/study-materials/diksha-ga,copy,.pdf,174473,low,default
/workspace/diksha-ga/indian-history/modern/ncert-class8-our-pasts-3.pdf,ncert-class8-our-pasts-3.pdf,en,study-materials,/workspace/diksha-ga,/workspace/bilingual-org/content/rrb-ntpc/language/en/study-materials/diksha-ga,copy,.pdf,174557,low,default
/workspace/diksha-ga/indian-history/modern/ncert-class9-india-contemporary-world-1.pdf,ncert-class9-india-contemporary-world-1.pdf,en,study-materials,/workspace/diksha-ga,/workspace/bilingual-org/content/rrb-ntpc/language/en/study-materials/diksha-ga,copy,.pdf,174375,low,default
/workspace/diksha-ga/metadata/diksha_content_inventory.json,diksha_content_inventory.json,en,study-materials,/workspace/diksha-ga,/workspace/bilingual-org/content/rrb-ntpc/language/en/study-materials/diksha-ga,copy,.json,6185,medium,content
/workspace/diksha-ga/metadata/final_comprehensive_inventory.json,final_comprehensive_inventory.json,en,study-materials,/workspace/diksha-ga,/workspace/bilingual-org/content/rrb-ntpc/language/en/study-materials/diksha-ga,copy,.json,15789,medium,content
/workspace/diksha-ga/polity/constitution/ncert-class10-democratic-politics-2.pdf,ncert-class10-democratic-politics-2.pdf,en,study-materials,/workspace/diksha-ga,/workspace/bilingual-org/content/rrb-ntpc/language/en/study-materials/diksha-ga,copy,.pdf,5370551,low,default
/workspace/diksha-ga/polity/constitution/ncert-class11-indian-constitution.pdf,ncert-class11-indian-constitution.pdf,en,study-materials,/workspace/diksha-ga,/workspace/bilingual-org/content/rrb-ntpc/language/en/study-materials/diksha-ga,copy,.pdf,4012108,low,default
/workspace/diksha-ga/polity/constitution/ncert-class11-political-theory.pdf,ncert-class11-political-theory.pdf,en,study-materials,/workspace/diksha-ga,/workspace/bilingual-org/content/rrb-ntpc/language/en/study-materials/diksha-ga,copy,.pdf,6888966,low,default
/workspace/diksha-ga/polity/constitution/ncert-class6-social-political-life-1.pdf,ncert-class6-social-political-life-1.pdf,en,study-materials,/workspace/diksha-ga,/workspace/bilingual-org/content/rrb-ntpc/language/en/study-materials/diksha-ga,copy,.pdf,13099441,low,default
/workspace/diksha-ga/polity/constitution/ncert-class7-social-political-life-2.pdf,ncert-class7-social-political-life-2.pdf,en,study-materials,/workspace/diksha-ga,/workspace/bilingual-org/content/rrb-ntpc/language/en/study-materials/diksha-ga,copy,.pdf,22950037,low,default
/workspace/diksha-ga/polity/constitution/ncert-class8-social-political-life-3.pdf,ncert-class8-social-political-life-3.pdf,en,study-materials,/workspace/diksha-ga,/workspace/bilingual-org/content/rrb-ntpc/language/en/study-materials/diksha-ga,copy,.pdf,17209913,low,default
/workspace/diksha-ga/polity/constitution/ncert-class9-democratic-politics-1.pdf,ncert-class9-democratic-politics-1.pdf,en,study-materials,/workspace/diksha-ga,/workspace/bilingual-org/content/rrb-ntpc/language/en/study-materials/diksha-ga,copy,.pdf,10916922,low,default
/workspace/diksha-ga/polity/governance/ncert-class12-contemporary-world-politics.pdf,ncert-class12-contemporary-world-politics.pdf,en,study-materials,/workspace/diksha-ga,/workspace/bilingual-org/content/rrb-ntpc/language/en/study-materials/diksha-ga,copy,.pdf,3301124,low,default
/workspace/diksha-ga/polity/governance/ncert-class12-politics-india-independence.pdf,ncert-class12-politics-india-independence.pdf,en,study-materials,/workspace/diksha-ga,/workspace/bilingual-org/content/rrb-ntpc/language/en/study-materials/diksha-ga,copy,.pdf,29731325,low,default
/workspace/diksha-ga/science-technology/ncert-class11-biology-hindi.zip,ncert-class11-biology-hindi.zip,en,study-materials,/workspace/diksha-ga,/workspace/bilingual-org/content/rrb-ntpc/language/en/study-materials/diksha-ga,copy,.zip,557056,low,default
/workspace/diksha-ga/science-technology/ncert-class11-chemistry-part1-hindi.zip,ncert-class11-chemistry-part1-hindi.zip,en,study-materials,/workspace/diksha-ga,/workspace/bilingual-org/content/rrb-ntpc/language/en/study-materials/diksha-ga,copy,.zip,294912,low,default
/workspace/diksha-ga/science-technology/ncert-class11-physics-part1-english.zip,ncert-class11-physics-part1-english.zip,en,study-materials,/workspace/diksha-ga,/workspace/bilingual-org/content/rrb-ntpc/language/en/study-materials/diksha-ga,copy,.zip,131072,low,default
/workspace/diksha-ga/science-technology/ncert-class11-physics-part2-hindi.zip,ncert-class11-physics-part2-hindi.zip,en,study-materials,/workspace/diksha-ga,/workspace/bilingual-org/content/rrb-ntpc/language/en/study-materials/diksha-ga,copy,.zip,114688,low,default
/workspace/diksha-ga/science-technology/ncert-class9-science-complete.pdf,ncert-class9-science-complete.pdf,en,study-materials,/workspace/diksha-ga,/workspace/bilingual-org/content/rrb-ntpc/language/en/study-materials/diksha-ga,copy,.pdf,30822578,low,default
/workspace/diksha-ga/science-technology/ncert-class9-science.pdf,ncert-class9-science.pdf,en,study-materials,/workspace/diksha-ga,/workspace/bilingual-org/content/rrb-ntpc/language/en/study-materials/diksha-ga,copy,.pdf,30822578,low,default
/workspace/diksha-ga/static-gk/organizations/ncert-class11-craft-traditions.pdf,ncert-class11-craft-traditions.pdf,en,study-materials,/workspace/diksha-ga,/workspace/bilingual-org/content/rrb-ntpc/language/en/study-materials/diksha-ga,copy,.pdf,174557,low,default
/workspace/diksha-ga/static-gk/organizations/ncert-class11-indian-art-complete.pdf,ncert-class11-indian-art-complete.pdf,en,study-materials,/workspace/diksha-ga,/workspace/bilingual-org/content/rrb-ntpc/language/en/study-materials/diksha-ga,copy,.pdf,174585,low,default
/workspace/diksha-ga/static-gk/organizations/ncert-class11-indian-art.pdf,ncert-class11-indian-art.pdf,en,study-materials,/workspace/diksha-ga,/workspace/bilingual-org/content/rrb-ntpc/language/en/study-materials/diksha-ga,copy,.pdf,174585,low,default
/workspace/wikimedia-math/COMPLETION_REPORT.md,COMPLETION_REPORT.md,en,study-materials,/workspace/wikimedia-math,/workspace/bilingual-org/content/rrb-ntpc/language/en/study-materials/wikimedia-math,copy,.md,4885,medium,content
/workspace/wikimedia-math/README.md,README.md,en,study-materials,/workspace/wikimedia-math,/workspace/bilingual-org/content/rrb-ntpc/language/en/study-materials/wikimedia-math,copy,.md,33012,medium,content
/workspace/wikimedia-math/index.html,index.html,en,study-materials,/workspace/wikimedia-math,/workspace/bilingual-org/content/rrb-ntpc/language/en/study-materials/wikimedia-math,copy,.html,7549,medium,content
/workspace/wikimedia-math/algebra-basics/index.html,index.html,en,study-materials,/workspace/wikimedia-math,/workspace/bilingual-org/content/rrb-ntpc/language/en/study-materials/wikimedia-math,copy,.html,4317,medium,content
/workspace/wikimedia-math/average/index.html,index.html,en,study-materials,/workspace/wikimedia-math,/workspace/bilingual-org/content/rrb-ntpc/language/en/study-materials/wikimedia-math,copy,.html,9551,medium,content
/workspace/wikimedia-math/geometry/index.html,index.html,en,study-materials,/workspace/wikimedia-math,/workspace/bilingual-org/content/rrb-ntpc/language/en/study-materials/wikimedia-math,copy,.html,12258,medium,content
/workspace/wikimedia-math/mensuration/index.html,index.html,en,study-materials,/workspace/wikimedia-math,/workspace/bilingual-org/content/rrb-ntpc/language/en/study-materials/wikimedia-math,copy,.html,10898,medium,content
/workspace/wikimedia-math/percentage/index.html,index.html,en,study-materials,/workspace/wikimedia-math,/workspace/bilingual-org/content/rrb-ntpc/language/en/study-materials/wikimedia-math,copy,.html,8351,medium,content
/workspace/wikimedia-math/profit-loss/index.html,index.html,en,study-materials,/workspace/wikimedia-math,/workspace/bilingual-org/content/rrb-ntpc/language/en/study-materials/wikimedia-math,copy,.html,7379,medium,content
/workspace/wikimedia-math/ratio-proportion/index.html,index.html,en,study-materials,/workspace/wikimedia-math,/workspace/bilingual-org/content/rrb-ntpc/language/en/study-materials/wikimedia-math,copy,.html,5788,medium,content
/workspace/wikimedia-math/simple-compound-interest/index.html,index.html,en,study-materials,/workspace/wikimedia-math,/workspace/bilingual-org/content/rrb-ntpc/language/en/study-materials/wikimedia-math,copy,.html,7683,medium,content
/workspace/wikimedia-math/statistics/index.html,index.html,en,study-materials,/workspace/wikimedia-math,/workspace/bilingual-org/content/rrb-ntpc/language/en/study-materials/wikimedia-math,copy,.html,5888,medium,content
/workspace/wikimedia-math/time-and-work/index.html,index.html,en,study-materials,/workspace/wikimedia-math,/workspace/bilingual-org/content/rrb-ntpc/language/en/study-materials/wikimedia-math,copy,.html,7551,medium,content
/workspace/practice-math/metadata/Cracku_Interest_metadata.json,Cracku_Interest_metadata.json,en,practice-sets,/workspace/practice-math,/workspace/bilingual-org/content/rrb-ntpc/language/en/practice-sets/practice-math,copy,.json,1526,medium,content
/workspace/practice-math/metadata/Cracku_NumberSystem_metadata.json,Cracku_NumberSystem_metadata.json,en,practice-sets,/workspace/practice-math,/workspace/bilingual-org/content/rrb-ntpc/language/en/practice-sets/practice-math,copy,.json,1312,medium,content
/workspace/practice-math/metadata/Oliveboard_ImportantMathQuestions_metadata.json,Oliveboard_ImportantMathQuestions_metadata.json,en,practice-sets,/workspace/practice-math,/workspace/bilingual-org/content/rrb-ntpc/language/en/practice-sets/practice-math,copy,.json,2907,medium,content
/workspace/practice-math/metadata/comprehensive_metadata.json,comprehensive_metadata.json,en,practice-sets,/workspace/practice-math,/workspace/bilingual-org/content/rrb-ntpc/language/en/practice-sets/practice-math,copy,.json,4344,medium,content
/workspace/practice-math/number-system/Cracku_NumberSystemsQuestions_RRBNTPC.pdf,Cracku_NumberSystemsQuestions_RRBNTPC.pdf,en,practice-sets,/workspace/practice-math,/workspace/bilingual-org/content/rrb-ntpc/language/en/practice-sets/practice-math,copy,.pdf,88783,medium,content
/workspace/practice-math/previous-year-papers/JagranJosh_CBT2_2017_Jan17_Shift1.pdf,JagranJosh_CBT2_2017_Jan17_Shift1.pdf,en,practice-sets,/workspace/practice-math,/workspace/bilingual-org/content/rrb-ntpc/language/en/practice-sets/practice-math,copy,.pdf,72805,medium,content
/workspace/practice-math/simple-compound-interest/Cracku_SimpleCompoundInterestQuestions_RRBNTPC.pdf,Cracku_SimpleCompoundInterestQuestions_RRBNTPC.pdf,en,practice-sets,/workspace/practice-math,/workspace/bilingual-org/content/rrb-ntpc/language/en/practice-sets/practice-math,copy,.pdf,88880,medium,content
/workspace/practice-reasoning/DOWNLOAD_COMPLETION_SUMMARY.md,DOWNLOAD_COMPLETION_SUMMARY.md,en,practice-sets,/workspace/practice-reasoning,/workspace/bilingual-org/content/rrb-ntpc/language/en/practice-sets/practice-reasoning,copy,.md,22921,medium,content
/workspace/practice-reasoning/01_logical-reasoning/instamojo_rrb_ntpc_sample_papers.html,instamojo_rrb_ntpc_sample_papers.html,en,practice-sets,/workspace/practice-reasoning,/workspace/bilingual-org/content/rrb-ntpc/language/en/practice-sets/practice-reasoning,copy,.html,30720,medium,content
/workspace/practice-reasoning/03_non-verbal-reasoning/meritnotes_rrb_reasoning_questions_1.pdf,meritnotes_rrb_reasoning_questions_1.pdf,en,practice-sets,/workspace/practice-reasoning,/workspace/bilingual-org/content/rrb-ntpc/language/en/practice-sets/practice-reasoning,copy,.pdf,43465,medium,content
/workspace/practice-reasoning/metadata/comprehensive_metadata.json,comprehensive_metadata.json,en,practice-sets,/workspace/practice-reasoning,/workspace/bilingual-org/content/rrb-ntpc/language/en/practice-sets/practice-reasoning,copy,.json,28264,medium,content
/workspace/practice-reasoning/metadata/sources_catalog.json,sources_catalog.json,en,practice-sets,/workspace/practice-reasoning,/workspace/bilingual-org/content/rrb-ntpc/language/en/practice-sets/practice-reasoning,copy,.json,11231,medium,content
/workspace/practice-reasoning/topic-wise/logical-reasoning/ibps_guide_gi_reasoning_01.pdf,ibps_guide_gi_reasoning_01.pdf,en,practice-sets,/workspace/practice-reasoning,/workspace/bilingual-org/content/rrb-ntpc/language/en/practice-sets/practice-reasoning,copy,.pdf,330235,low,default
/workspace/practice-reasoning/topic-wise/logical-reasoning/ibps_guide_gi_reasoning_02.pdf,ibps_guide_gi_reasoning_02.pdf,en,practice-sets,/workspace/practice-reasoning,/workspace/bilingual-org/content/rrb-ntpc/language/en/practice-sets/practice-reasoning,copy,.pdf,539639,low,default
/workspace/practice-reasoning/topic-wise/logical-reasoning/ibps_guide_gi_reasoning_03.pdf,ibps_guide_gi_reasoning_03.pdf,en,practice-sets,/workspace/practice-reasoning,/workspace/bilingual-org/content/rrb-ntpc/language/en/practice-sets/practice-reasoning,copy,.pdf,492346,low,default
/workspace/practice-reasoning/topic-wise/logical-reasoning/ibps_guide_gi_reasoning_04.pdf,ibps_guide_gi_reasoning_04.pdf,en,practice-sets,/workspace/practice-reasoning,/workspace/bilingual-org/content/rrb-ntpc/language/en/practice-sets/practice-reasoning,copy,.pdf,496190,low,default
/workspace/practice-reasoning/topic-wise/logical-reasoning/ibps_guide_gi_reasoning_05.pdf,ibps_guide_gi_reasoning_05.pdf,en,practice-sets,/workspace/practice-reasoning,/workspace/bilingual-org/content/rrb-ntpc/language/en/practice-sets/practice-reasoning,copy,.pdf,463614,low,default
/workspace/practice-reasoning/topic-wise/logical-reasoning/ibps_guide_gi_reasoning_06.pdf,ibps_guide_gi_reasoning_06.pdf,en,practice-sets,/workspace/practice-reasoning,/workspace/bilingual-org/content/rrb-ntpc/language/en/practice-sets/practice-reasoning,copy,.pdf,501715,low,default
/workspace/practice-reasoning/topic-wise/logical-reasoning/ibps_guide_gi_reasoning_07.pdf,ibps_guide_gi_reasoning_07.pdf,en,practice-sets,/workspace/practice-reasoning,/workspace/bilingual-org/content/rrb-ntpc/language/en/practice-sets/practice-reasoning,copy,.pdf,501871,low,default
/workspace/practice-reasoning/topic-wise/logical-reasoning/ibps_guide_gi_reasoning_08.pdf,ibps_guide_gi_reasoning_08.pdf,en,practice-sets,/workspace/practice-reasoning,/workspace/bilingual-org/content/rrb-ntpc/language/en/practice-sets/practice-reasoning,copy,.pdf,477753,low,default
/workspace/practice-reasoning/topic-wise/logical-reasoning/ibps_guide_gi_reasoning_09.pdf,ibps_guide_gi_reasoning_09.pdf,en,practice-sets,/workspace/practice-reasoning,/workspace/bilingual-org/content/rrb-ntpc/language/en/practice-sets/practice-reasoning,copy,.pdf,457420,low,default
/workspace/practice-reasoning/topic-wise/logical-reasoning/ibps_guide_gi_reasoning_10.pdf,ibps_guide_gi_reasoning_10.pdf,en,practice-sets,/workspace/practice-reasoning,/workspace/bilingual-org/content/rrb-ntpc/language/en/practice-sets/practice-reasoning,copy,.pdf,403314,low,default
/workspace/practice-reasoning/topic-wise/logical-reasoning/ibps_guide_gi_reasoning_11.pdf,ibps_guide_gi_reasoning_11.pdf,en,practice-sets,/workspace/practice-reasoning,/workspace/bilingual-org/content/rrb-ntpc/language/en/practice-sets/practice-reasoning,copy,.pdf,435306,low,default
/workspace/practice-reasoning/topic-wise/logical-reasoning/ibps_guide_gi_reasoning_12.pdf,ibps_guide_gi_reasoning_12.pdf,en,practice-sets,/workspace/practice-reasoning,/workspace/bilingual-org/content/rrb-ntpc/language/en/practice-sets/practice-reasoning,copy,.pdf,602636,low,default
/workspace/practice-reasoning/topic-wise/logical-reasoning/ibps_guide_gi_reasoning_13.pdf,ibps_guide_gi_reasoning_13.pdf,en,practice-sets,/workspace/practice-reasoning,/workspace/bilingual-org/content/rrb-ntpc/language/en/practice-sets/practice-reasoning,copy,.pdf,602636,low,default
/workspace/practice-ga/RRB_Materials_Download_Summary.md,RRB_Materials_Download_Summary.md,en,practice-sets,/workspace/practice-ga,/workspace/bilingual-org/content/rrb-ntpc/language/en/practice-sets/practice-ga,copy,.md,3096,medium,content
/workspace/practice-ga/collection_completion_report.md,collection_completion_report.md,en,practice-sets,/workspace/practice-ga,/workspace/bilingual-org/content/rrb-ntpc/language/en/practice-sets/practice-ga,copy,.md,11268,medium,content
/workspace/practice-ga/current_affairs_01_august_2025.txt,current_affairs_01_august_2025.txt,en,practice-sets,/workspace/practice-ga,/workspace/bilingual-org/content/rrb-ntpc/language/en/practice-sets/practice-ga,copy,.txt,6414,medium,content
/workspace/practice-ga/final_downloaded_materials_inventory.md,final_downloaded_materials_inventory.md,en,practice-sets,/workspace/practice-ga,/workspace/bilingual-org/content/rrb-ntpc/language/en/practice-sets/practice-ga,copy,.md,46773,medium,content
/workspace/practice-ga/final_materials_summary.md,final_materials_summary.md,en,practice-sets,/workspace/practice-ga,/workspace/bilingual-org/content/rrb-ntpc/language/en/practice-sets/practice-ga,copy,.md,34478,medium,content
/workspace/practice-ga/final_project_completion_report.md,final_project_completion_report.md,en,practice-sets,/workspace/practice-ga,/workspace/bilingual-org/content/rrb-ntpc/language/en/practice-sets/practice-ga,copy,.md,13608,medium,content
/workspace/practice-ga/quick_access_guide.md,quick_access_guide.md,en,practice-sets,/workspace/practice-ga,/workspace/bilingual-org/content/rrb-ntpc/language/en/practice-sets/practice-ga,copy,.md,2650,medium,content
/workspace/practice-ga/railway_capsule_research_summary.md,railway_capsule_research_summary.md,en,practice-sets,/workspace/practice-ga,/workspace/bilingual-org/content/rrb-ntpc/language/en/practice-sets/practice-ga,copy,.md,5824,medium,content
/workspace/practice-ga/compliance/licensing_and_redistribution_policy.md,licensing_and_redistribution_policy.md,en,practice-sets,/workspace/practice-ga,/workspace/bilingual-org/content/rrb-ntpc/language/en/practice-sets/practice-ga,copy,.md,7462,medium,content
/workspace/practice-ga/current-affairs/current_affairs_practice_set_01.md,current_affairs_practice_set_01.md,en,practice-sets,/workspace/practice-ga,/workspace/bilingual-org/content/rrb-ntpc/language/en/practice-sets/practice-ga,copy,.md,9525,medium,content
/workspace/practice-ga/current-affairs/download_summary.md,download_summary.md,en,practice-sets,/workspace/practice-ga,/workspace/bilingual-org/content/rrb-ntpc/language/en/practice-sets/practice-ga,copy,.md,3670,medium,content
/workspace/practice-ga/current-affairs/practiceMock_500_current_affairs.pdf,practiceMock_500_current_affairs.pdf,en,practice-sets,/workspace/practice-ga,/workspace/bilingual-org/content/rrb-ntpc/language/en/practice-sets/practice-ga,copy,.pdf,129767,low,default
/workspace/practice-ga/current-affairs/practiceMock_500_current_affairs_2025.pdf,practiceMock_500_current_affairs_2025.pdf,en,practice-sets,/workspace/practice-ga,/workspace/bilingual-org/content/rrb-ntpc/language/en/practice-sets/practice-ga,copy,.pdf,29922,medium,content
/workspace/practice-ga/economy/economy_practice_set_01.md,economy_practice_set_01.md,en,practice-sets,/workspace/practice-ga,/workspace/bilingual-org/content/rrb-ntpc/language/en/practice-sets/practice-ga,copy,.md,10371,medium,content
/workspace/practice-ga/economy/practice_sets_ntpc_stage2.pdf,practice_sets_ntpc_stage2.pdf,en,practice-sets,/workspace/practice-ga,/workspace/bilingual-org/content/rrb-ntpc/language/en/practice-sets/practice-ga,copy,.pdf,89582,medium,content
/workspace/practice-ga/economy/railway_ntpc_economy_one_liners.pdf,railway_ntpc_economy_one_liners.pdf,en,practice-sets,/workspace/practice-ga,/workspace/bilingual-org/content/rrb-ntpc/language/en/practice-sets/practice-ga,copy,.pdf,42401,medium,content
/workspace/practice-ga/economy/rrb_group_d_economy_25_questions.pdf,rrb_group_d_economy_25_questions.pdf,en,practice-sets,/workspace/practice-ga,/workspace/bilingual-org/content/rrb-ntpc/language/en/practice-sets/practice-ga,copy,.pdf,88778,medium,content
/workspace/practice-ga/geography/geography_practice_set_01.md,geography_practice_set_01.md,en,practice-sets,/workspace/practice-ga,/workspace/bilingual-org/content/rrb-ntpc/language/en/practice-sets/practice-ga,copy,.md,6063,medium,content
/workspace/practice-ga/geography/rrb_guide_hindi.pdf,rrb_guide_hindi.pdf,en,practice-sets,/workspace/practice-ga,/workspace/bilingual-org/content/rrb-ntpc/language/en/practice-sets/practice-ga,copy,.pdf,89499,medium,content
/workspace/practice-ga/geography/rrb_ntpc_geography_100_questions.pdf,rrb_ntpc_geography_100_questions.pdf,en,practice-sets,/workspace/practice-ga,/workspace/bilingual-org/content/rrb-ntpc/language/en/practice-sets/practice-ga,copy,.pdf,88755,medium,content
/workspace/practice-ga/history/general_science_railways.pdf,general_science_railways.pdf,en,practice-sets,/workspace/practice-ga,/workspace/bilingual-org/content/rrb-ntpc/language/en/practice-sets/practice-ga,copy,.pdf,88678,medium,content
/workspace/practice-ga/indian-history/indian_history_practice_set_01.md,indian_history_practice_set_01.md,en,practice-sets,/workspace/practice-ga,/workspace/bilingual-org/content/rrb-ntpc/language/en/practice-sets/practice-ga,copy,.md,5120,medium,content
/workspace/practice-ga/metadata/comprehensive_material_index.md,comprehensive_material_index.md,en,practice-sets,/workspace/practice-ga,/workspace/bilingual-org/content/rrb-ntpc/language/en/practice-sets/practice-ga,copy,.md,14399,medium,content
/workspace/practice-ga/metadata/download_guide_by_source.md,download_guide_by_source.md,en,practice-sets,/workspace/practice-ga,/workspace/bilingual-org/content/rrb-ntpc/language/en/practice-sets/practice-ga,copy,.md,9961,medium,content
/workspace/practice-ga/metadata/source_catalog_and_coverage.md,source_catalog_and_coverage.md,en,practice-sets,/workspace/practice-ga,/workspace/bilingual-org/content/rrb-ntpc/language/en/practice-sets/practice-ga,copy,.md,6890,medium,content
/workspace/practice-ga/metadata/syllabus_mapping_compliance.md,syllabus_mapping_compliance.md,en,practice-sets,/workspace/practice-ga,/workspace/bilingual-org/content/rrb-ntpc/language/en/practice-sets/practice-ga,copy,.md,12527,medium,content
/workspace/practice-ga/polity/polity_practice_set_01.md,polity_practice_set_01.md,en,practice-sets,/workspace/practice-ga,/workspace/bilingual-org/content/rrb-ntpc/language/en/practice-sets/practice-ga,copy,.md,7080,medium,content
/workspace/practice-ga/polity/rrb_ntpc_polity_governance_questions.pdf,rrb_ntpc_polity_governance_questions.pdf,en,practice-sets,/workspace/practice-ga,/workspace/bilingual-org/content/rrb-ntpc/language/en/practice-sets/practice-ga,copy,.pdf,88776,medium,content
/workspace/practice-ga/science-technology/science_technology_practice_set_01.md,science_technology_practice_set_01.md,en,practice-sets,/workspace/practice-ga,/workspace/bilingual-org/content/rrb-ntpc/language/en/practice-sets/practice-ga,copy,.md,7969,medium,content
/workspace/practice-ga/static-gk/README.md,README.md,en,practice-sets,/workspace/practice-ga,/workspace/bilingual-org/content/rrb-ntpc/language/en/practice-sets/practice-ga,copy,.md,1697,medium,content
/workspace/practice-ga/static-gk/static_gk_practice_set_01.md,static_gk_practice_set_01.md,en,practice-sets,/workspace/practice-ga,/workspace/bilingual-org/content/rrb-ntpc/language/en/practice-sets/practice-ga,copy,.md,7470,medium,content
/workspace/portal-downloads/CBT1/2020/RRB_NTPC_CBT1_2020_Dec28_Shift1_ExamCart.metadata.json,RRB_NTPC_CBT1_2020_Dec28_Shift1_ExamCart.metadata.json,en,previous-papers,/workspace/portal-downloads,/workspace/bilingual-org/content/rrb-ntpc/language/en/previous-papers/portal-downloads,copy,.json,1195,medium,content
/workspace/portal-downloads/CBT1/2021/RRB_NTPC_CBT1_2021_Jan04_Shift2_ExamCart.metadata.json,RRB_NTPC_CBT1_2021_Jan04_Shift2_ExamCart.metadata.json,en,previous-papers,/workspace/portal-downloads,/workspace/bilingual-org/content/rrb-ntpc/language/en/previous-papers/portal-downloads,copy,.json,1191,medium,content
/workspace/portal-downloads/CBT1/2024/RRB_NTPC_CBT1_2024_June06_Shift2_Prepp.metadata.json,RRB_NTPC_CBT1_2024_June06_Shift2_Prepp.metadata.json,en,previous-papers,/workspace/portal-downloads,/workspace/bilingual-org/content/rrb-ntpc/language/en/previous-papers/portal-downloads,copy,.json,1208,medium,content
/workspace/portal-downloads/CBT2/2017/RRB_NTPC_CBT2_2017_Jan17_Shift1_ExamCart.metadata.json,RRB_NTPC_CBT2_2017_Jan17_Shift1_ExamCart.metadata.json,en,previous-papers,/workspace/portal-downloads,/workspace/bilingual-org/content/rrb-ntpc/language/en/previous-papers/portal-downloads,copy,.json,1202,medium,content
/workspace/portal-downloads/CBT2/2022/RRB_NTPC_CBT2_2022_May09_Shift1_Level6_ExamCart.metadata.json,RRB_NTPC_CBT2_2022_May09_Shift1_Level6_ExamCart.metadata.json,en,previous-papers,/workspace/portal-downloads,/workspace/bilingual-org/content/rrb-ntpc/language/en/previous-papers/portal-downloads,copy,.json,1252,medium,content
/workspace/downloads/rrb-ntpc/previous-papers/CBT1/2025/faq__2025__CBT__normalization__en__rrbbhopal.gov.pdf,faq__2025__CBT__normalization__en__rrbbhopal.gov.pdf,en,previous-papers,/workspace/downloads/rrb-ntpc,/workspace/bilingual-org/content/rrb-ntpc/language/en/previous-papers/rrb-ntpc,copy,.pdf,82566,medium,content
/workspace/downloads/ibps_guide_gi_reasoning_01.pdf,ibps_guide_gi_reasoning_01.pdf,en,mixed,/workspace/downloads,/workspace/bilingual-org/content/rrb-ntpc/language/en/study-materials/downloads,copy,.pdf,330235,low,default
/workspace/downloads/ibps_guide_gi_reasoning_03.pdf,ibps_guide_gi_reasoning_03.pdf,en,mixed,/workspace/downloads,/workspace/bilingual-org/content/rrb-ntpc/language/en/study-materials/downloads,copy,.pdf,492346,low,default
/workspace/downloads/ibps_guide_gi_reasoning_04.pdf,ibps_guide_gi_reasoning_04.pdf,en,mixed,/workspace/downloads,/workspace/bilingual-org/content/rrb-ntpc/language/en/study-materials/downloads,copy,.pdf,496190,low,default
/workspace/downloads/ibps_guide_gi_reasoning_07.pdf,ibps_guide_gi_reasoning_07.pdf,en,mixed,/workspace/downloads,/workspace/bilingual-org/content/rrb-ntpc/language/en/study-materials/downloads,copy,.pdf,501871,low,default
/workspace/downloads/ibps_guide_gi_reasoning_08.pdf,ibps_guide_gi_reasoning_08.pdf,en,mixed,/workspace/downloads,/workspace/bilingual-org/content/rrb-ntpc/language/en/study-materials/downloads,copy,.pdf,477753,low,default
/workspace/downloads/ibps_guide_gi_reasoning_09.pdf,ibps_guide_gi_reasoning_09.pdf,en,mixed,/workspace/downloads,/workspace/bilingual-org/content/rrb-ntpc/language/en/study-materials/downloads,copy,.pdf,457420,low,default
/workspace/downloads/ibps_guide_gi_reasoning_10.pdf,ibps_guide_gi_reasoning_10.pdf,en,mixed,/workspace/downloads,/workspace/bilingual-org/content/rrb-ntpc/language/en/study-materials/downloads,copy,.pdf,403314,low,default
/workspace/downloads/ibps_guide_gi_reasoning_11.pdf,ibps_guide_gi_reasoning_11.pdf,en,mixed,/workspace/downloads,/workspace/bilingual-org/content/rrb-ntpc/language/en/study-materials/downloads,copy,.pdf,435306,low,default
/workspace/downloads/ibps_guide_gi_reasoning_12.pdf,ibps_guide_gi_reasoning_12.pdf,en,mixed,/workspace/downloads,/workspace/bilingual-org/content/rrb-ntpc/language/en/study-materials/downloads,copy,.pdf,602636,low,default
/workspace/downloads/ssc_study_rrb_practice_set_english.pdf,ssc_study_rrb_practice_set_english.pdf,en,mixed,/workspace/downloads,/workspace/bilingual-org/content/rrb-ntpc/language/en/study-materials/downloads,copy,.pdf,89610,medium,content
/workspace/downloads/rrb-ntpc/previous-papers/CBT1/2025/faq__2025__CBT__normalization__en__rrbbhopal.gov.pdf,faq__2025__CBT__normalization__en__rrbbhopal.gov.pdf,en,mixed,/workspace/downloads,/workspace/bilingual-org/content/rrb-ntpc/language/en/study-materials/downloads,copy,.pdf,82566,medium,content
